ID,FlightDate,Year,Month,Marketing_Airline_Network,Flight_Number_Marketing,Origin,OriginCityName,Dest,DestCityName,DepDelay,ArrDelay,Cancelled
8f7d8b3c-400b-415b-8af8-b3befeb6fb48,2025-01-14,2025,1,DL,2699,MSP,"Minneapolis, MN",RDU,"Raleigh/Durham, NC",71.00,59.00,false
315f8752-3aef-4466-b872-8b5f1c012267,2025-01-15,2025,1,DL,2699,MSP,"Minneapolis, MN",RDU,"Raleigh/Durham, NC",-3.00,-14.00,false
f769393a-be22-40e2-afdd-b8018963254d,2025-01-16,2025,1,DL,2699,MSP,"Minneapolis, MN",RDU,"Raleigh/Durham, NC",-4.00,-23.00,false
26d0d6ee-be0d-4f3e-bb56-e1ebd55adcda,2025-01-17,2025,1,DL,2699,MSP,"Minneapolis, MN",RDU,"Raleigh/Durham, NC",-4.00,-14.00,false
82182f9c-1fcc-400c-bbc4-7f132ddd0fc5,2025-01-20,2025,1,DL,2699,MSP,"Minneapolis, MN",RDU,"Raleigh/Durham, NC",-2.00,15.00,false
5fd07766-e7f1-48b6-8b7b-3f6e680c8d64,2025-01-21,2025,1,DL,2699,MSP,"Minneapolis, MN",RDU,"Raleigh/Durham, NC",2.00,-10.00,false
285b5d9d-a9e9-49fc-818c-fe770308bf22,2025-01-22,2025,1,DL,2699,MSP,"Minneapolis, MN",RDU,"Raleigh/Durham, NC",-4.00,4.00,false
9ab97e73-7aac-400b-9f8e-1f6e38363439,2025-01-23,2025,1,DL,2699,MSP,"Minneapolis, MN",RDU,"Raleigh/Durham, NC",-10.00,-8.00,false
26d82bbb-00c5-4385-a89a-192506617282,2025-01-24,2025,1,DL,2699,MSP,"Minneapolis, MN",RDU,"Raleigh/Durham, NC",0.00,-16.00,false
046214f0-4a9e-45e1-9bf6-8900065e8786,2025-01-25,2025,1,DL,2699,MSP,"Minneapolis, MN",RDU,"Raleigh/Durham, NC",23.00,1.00,false
7b651382-3026-48a6-8c3c-4f99fde9c162,2025-01-26,2025,1,DL,2699,MSP,"Minneapolis, MN",RDU,"Raleigh/Durham, NC",-2.00,-3.00,false
0c29e209-ac16-41e1-98bc-9c8d6c46307c,2025-01-27,2025,1,DL,2699,MSP,"Minneapolis, MN",RDU,"Raleigh/Durham, NC",-6.00,-23.00,false
f415280d-7e0f-4cbe-98d2-10fa9f1ec693,2025-01-28,2025,1,DL,2699,MSP,"Minneapolis, MN",RDU,"Raleigh/Durham, NC",-7.00,-24.00,false
ee01bcb3-125d-459c-b0e5-031f91d4b8f4,2025-01-29,2025,1,DL,2699,MSP,"Minneapolis, MN",RDU,"Raleigh/Durham, NC",-10.00,-40.00,false
8f5a5f67-fac8-4df5-9948-04bb8ba7419c,2025-01-30,2025,1,DL,2699,MSP,"Minneapolis, MN",RDU,"Raleigh/Durham, NC",0.00,-6.00,false
c659a940-289a-4d8a-bde5-5812009509c7,2025-01-31,2025,1,DL,2699,MSP,"Minneapolis, MN",RDU,"Raleigh/Durham, NC",-10.00,-11.00,false
35490063-2046-4d6f-ba80-2325647d673a,2025-01-01,2025,1,DL,2700,MSP,"Minneapolis, MN",PHL,"Philadelphia, PA",-3.00,-3.00,false
df361e6d-0604-4557-b4f4-acb1d0dc7c15,2025-01-01,2025,1,DL,2700,PHL,"Philadelphia, PA",MSP,"Minneapolis, MN",7.00,-6.00,false
44f3673b-85db-4c17-bb24-116fe6a24ed1,2025-01-02,2025,1,DL,2700,MSP,"Minneapolis, MN",PHL,"Philadelphia, PA",-5.00,-24.00,false
8e266d57-335a-486a-9b32-eb04817db2a9,2025-01-02,2025,1,DL,2700,PHL,"Philadelphia, PA",MSP,"Minneapolis, MN",6.00,-18.00,false
608e8202-ab31-4912-b5c0-4d00b594f5a7,2025-01-03,2025,1,DL,2700,MSP,"Minneapolis, MN",PHL,"Philadelphia, PA",-7.00,-20.00,false
487d600a-1c63-4f8d-a97f-71b27eaf289c,2025-01-03,2025,1,DL,2700,PHL,"Philadelphia, PA",MSP,"Minneapolis, MN",-12.00,-38.00,false
9efadff2-d577-4afe-9868-5c311d0f8d6a,2025-01-04,2025,1,DL,2700,MSP,"Minneapolis, MN",PHL,"Philadelphia, PA",-3.00,-24.00,false
3656cc75-72f4-4192-be7b-3f97516f0174,2025-01-04,2025,1,DL,2700,PHL,"Philadelphia, PA",MSP,"Minneapolis, MN",-6.00,-17.00,false
2efb8e97-0831-4338-9bed-05132fed6ee3,2025-01-05,2025,1,DL,2700,MSP,"Minneapolis, MN",PHL,"Philadelphia, PA",13.00,-13.00,false
b4f7c399-8011-42e6-af24-e66b614c424c,2025-01-05,2025,1,DL,2700,PHL,"Philadelphia, PA",MSP,"Minneapolis, MN",-5.00,-24.00,false
ff718f18-015c-461d-b81a-efede7866a91,2025-01-23,2025,1,DL,2700,AGS,"Augusta, GA",ATL,"Atlanta, GA",0.00,-25.00,false
7b306a5f-3d4d-4da6-9c53-a3b569231bdd,2025-01-23,2025,1,DL,2700,ATL,"Atlanta, GA",AGS,"Augusta, GA",-2.00,-8.00,false
8a423170-5710-4207-9690-02be5bbdd08c,2025-01-24,2025,1,DL,2700,AGS,"Augusta, GA",ATL,"Atlanta, GA",0.00,-14.00,false
c7f28f88-6757-4cb8-9df4-66cc6f6a2519,2025-01-24,2025,1,DL,2700,ATL,"Atlanta, GA",AGS,"Augusta, GA",1.00,-3.00,false
64e89944-037f-4dae-b154-708328789afa,2025-01-06,2025,1,DL,2701,ATL,"Atlanta, GA",LIT,"Little Rock, AR",-5.00,-17.00,false
1c541728-bea3-449e-984f-7c92ac8235ca,2025-01-09,2025,1,DL,2701,ATL,"Atlanta, GA",LIT,"Little Rock, AR",-1.00,-9.00,false
b3a88d3b-66ae-4711-99ef-cdb9fe2140a0,2025-01-10,2025,1,DL,2701,ATL,"Atlanta, GA",LIT,"Little Rock, AR",,,true
d37d690f-e2c4-4685-ac43-f15887ebeba0,2025-01-12,2025,1,DL,2701,ATL,"Atlanta, GA",LIT,"Little Rock, AR",-5.00,-15.00,false
c10bfdcb-869d-4264-a802-44f630abff8a,2025-01-13,2025,1,DL,2701,ATL,"Atlanta, GA",LIT,"Little Rock, AR",-7.00,-16.00,false
140bbbcc-f7d0-41a2-93bd-9c0a61c1abf4,2025-01-16,2025,1,DL,2701,ATL,"Atlanta, GA",LIT,"Little Rock, AR",-9.00,-20.00,false
a5265894-bb28-4629-abea-4daed68e763e,2025-01-17,2025,1,DL,2701,ATL,"Atlanta, GA",LIT,"Little Rock, AR",-7.00,-6.00,false
fbce62a4-4091-4c81-a68a-54e0d680fcf3,2025-01-20,2025,1,DL,2701,ATL,"Atlanta, GA",LIT,"Little Rock, AR",53.00,63.00,false
dbdd2474-440b-4e0c-950d-8656f0944eb9,2025-01-23,2025,1,DL,2701,ATL,"Atlanta, GA",LIT,"Little Rock, AR",61.00,56.00,false
33d39e7e-13f0-4786-8bb2-65ddbc3f51a3,2025-01-24,2025,1,DL,2701,ATL,"Atlanta, GA",LIT,"Little Rock, AR",-7.00,-17.00,false
39b02e0f-5522-4909-b2d2-91ca8268b0e9,2025-01-26,2025,1,DL,2701,ATL,"Atlanta, GA",LIT,"Little Rock, AR",-2.00,-10.00,false
e38e568a-2ded-4780-9a8e-13362d068960,2025-01-27,2025,1,DL,2701,ATL,"Atlanta, GA",LIT,"Little Rock, AR",1.00,-6.00,false
47a84245-03c2-4df2-981d-3123cc5b4342,2025-01-30,2025,1,DL,2701,ATL,"Atlanta, GA",LIT,"Little Rock, AR",-8.00,-11.00,false
d0b57c99-a8b0-4154-b01b-b87efc5adc80,2025-01-31,2025,1,DL,2701,ATL,"Atlanta, GA",LIT,"Little Rock, AR",-4.00,-11.00,false
fe5641df-ff42-447d-a7b0-660bc61cc8e7,2025-01-01,2025,1,DL,2702,MCO,"Orlando, FL",JFK,"New York, NY",1.00,-4.00,false
f025be50-f194-43d8-9e19-54d47ba2c93b,2025-01-02,2025,1,DL,2702,MCO,"Orlando, FL",JFK,"New York, NY",13.00,-8.00,false
8e912f49-d3b3-4983-b754-b8b954d9fc18,2025-01-03,2025,1,DL,2702,MCO,"Orlando, FL",JFK,"New York, NY",-2.00,-14.00,false
00357172-c849-4963-9627-44976712b35b,2025-01-04,2025,1,DL,2702,MCO,"Orlando, FL",JFK,"New York, NY",5.00,-1.00,false
68e68cfb-60dd-46a3-b961-1c6c3c63ea3c,2025-01-05,2025,1,DL,2702,MCO,"Orlando, FL",JFK,"New York, NY",27.00,5.00,false
9a7690ae-c6e6-426e-ab8e-c2a7abde9a17,2025-01-06,2025,1,DL,2702,MCO,"Orlando, FL",JFK,"New York, NY",36.00,20.00,false
ca786ff3-64e1-42cd-bcb3-00252e82abcf,2025-01-07,2025,1,DL,2702,MCO,"Orlando, FL",JFK,"New York, NY",10.00,-11.00,false
2d9e9f1e-8c60-413f-98ed-62754cc2802e,2025-01-08,2025,1,DL,2702,MCO,"Orlando, FL",JFK,"New York, NY",-2.00,-23.00,false
7c63e16b-c278-4ed1-bc73-736e25c1e339,2025-01-09,2025,1,DL,2702,MCO,"Orlando, FL",JFK,"New York, NY",-5.00,14.00,false
42791414-89e6-471f-a35b-2e58933eafba,2025-01-10,2025,1,DL,2702,MCO,"Orlando, FL",JFK,"New York, NY",2.00,-1.00,false
c4c35127-d7a8-4ee2-9871-a7cff6841c44,2025-01-11,2025,1,DL,2702,MCO,"Orlando, FL",JFK,"New York, NY",35.00,5.00,false
2a6b5aa8-df57-4706-800b-ec6beed4e9ba,2025-01-12,2025,1,DL,2702,MCO,"Orlando, FL",JFK,"New York, NY",11.00,0.00,false
b40e297f-31a2-4b2c-84c4-3544b96813bf,2025-01-13,2025,1,DL,2702,MCO,"Orlando, FL",JFK,"New York, NY",-7.00,-23.00,false
b6093158-4524-4b08-8149-bb3993d20130,2025-01-14,2025,1,DL,2702,MCO,"Orlando, FL",JFK,"New York, NY",1.00,-13.00,false
503a1f6e-dbde-4bbc-af63-8b087b238951,2025-01-15,2025,1,DL,2702,MCO,"Orlando, FL",JFK,"New York, NY",6.00,-19.00,false
da7bb514-8cfd-4eed-8067-d03bd6feab02,2025-01-16,2025,1,DL,2702,MCO,"Orlando, FL",JFK,"New York, NY",-7.00,-11.00,false
cfe9719b-09a5-41a2-a8d8-6e2dd380af7c,2025-01-17,2025,1,DL,2702,MCO,"Orlando, FL",JFK,"New York, NY",127.00,113.00,false
241e01f8-558b-4051-badb-ab7eee767fc2,2025-01-18,2025,1,DL,2702,MCO,"Orlando, FL",JFK,"New York, NY",6.00,-2.00,false
c880e8e8-9ced-4d6e-a3ff-1ce21a1ead80,2025-01-19,2025,1,DL,2702,MCO,"Orlando, FL",JFK,"New York, NY",33.00,33.00,false
59d636b9-2e06-4072-a235-68455867c2e2,2025-01-20,2025,1,DL,2702,MCO,"Orlando, FL",JFK,"New York, NY",85.00,59.00,false
ee8c2bd0-c3e9-4119-997b-6b7054676aad,2025-01-21,2025,1,DL,2702,MCO,"Orlando, FL",JFK,"New York, NY",17.00,-7.00,false
6c4f231f-7a08-408d-b542-da24eca23d69,2025-01-22,2025,1,DL,2702,MCO,"Orlando, FL",JFK,"New York, NY",36.00,14.00,false
65b38103-9284-4558-85bc-d4698f5d699f,2025-01-23,2025,1,DL,2702,MCO,"Orlando, FL",JFK,"New York, NY",6.00,-10.00,false
398be8f8-67e5-403b-8612-793cfd671702,2025-01-24,2025,1,DL,2702,MCO,"Orlando, FL",JFK,"New York, NY",19.00,0.00,false
4093aee3-a906-4470-abc1-9afbcbc4a5b4,2025-01-25,2025,1,DL,2702,MCO,"Orlando, FL",JFK,"New York, NY",-2.00,-18.00,false
e53490b4-7260-4de4-9445-2a3261aeb285,2025-01-26,2025,1,DL,2702,MCO,"Orlando, FL",JFK,"New York, NY",27.00,39.00,false
39184323-d486-4f97-8593-12a7f6f602bb,2025-01-27,2025,1,DL,2702,MCO,"Orlando, FL",JFK,"New York, NY",5.00,-2.00,false
7f001e5b-8959-471d-bf6f-d1b0da378a96,2025-01-28,2025,1,DL,2702,MCO,"Orlando, FL",JFK,"New York, NY",-6.00,16.00,false
b24897f5-9d11-4c95-bfcd-7afc9aa4fc2b,2025-01-29,2025,1,DL,2702,MCO,"Orlando, FL",JFK,"New York, NY",19.00,-2.00,false
fd5d1609-72e2-4fa1-8c55-fad911534ec2,2025-01-30,2025,1,DL,2702,MCO,"Orlando, FL",JFK,"New York, NY",23.00,15.00,false
216ec3e4-aab9-415b-966a-8b66fce9e81c,2025-01-31,2025,1,DL,2702,MCO,"Orlando, FL",JFK,"New York, NY",136.00,134.00,false
a2b4e793-4bd8-4c54-af95-edfb1ffbab03,2025-01-01,2025,1,DL,2703,MSP,"Minneapolis, MN",PHL,"Philadelphia, PA",-2.00,-12.00,false
501aa914-63c3-4208-a7b1-6552562f0a42,2025-01-02,2025,1,DL,2703,MSP,"Minneapolis, MN",PHL,"Philadelphia, PA",-1.00,-14.00,false
f5b8d140-2fa1-4c8e-a580-8a495971b345,2025-01-03,2025,1,DL,2703,MSP,"Minneapolis, MN",PHL,"Philadelphia, PA",-4.00,-16.00,false
dba05637-9a73-4e98-9ee8-1a55268fa339,2025-01-04,2025,1,DL,2703,MSP,"Minneapolis, MN",PHL,"Philadelphia, PA",12.00,-10.00,false
d2a46a23-11cd-4974-9ba4-685b7b587a0c,2025-01-05,2025,1,DL,2703,MSP,"Minneapolis, MN",PHL,"Philadelphia, PA",28.00,8.00,false
872eee16-1866-498c-8650-6ee6c6100efd,2025-01-02,2025,1,DL,2704,SEA,"Seattle, WA",SNA,"Santa Ana, CA",175.00,,false
62c0c301-22ec-4f6b-96da-11f1d08783b7,2025-01-02,2025,1,DL,2704,SNA,"Santa Ana, CA",SEA,"Seattle, WA",947.00,919.00,false
eb748751-e605-497a-bb5e-e72524f2db12,2025-01-03,2025,1,DL,2704,SEA,"Seattle, WA",SNA,"Santa Ana, CA",-9.00,-19.00,false
6927ef55-ad8a-4481-997c-da374fdfd5fc,2025-01-03,2025,1,DL,2704,SNA,"Santa Ana, CA",SEA,"Seattle, WA",-3.00,-13.00,false
bdf0cae1-55fc-4f51-9355-f3825db0f338,2025-01-04,2025,1,DL,2704,SEA,"Seattle, WA",SNA,"Santa Ana, CA",-9.00,-29.00,false
6d82a890-0fea-4e31-ad8c-025700e5d1e6,2025-01-04,2025,1,DL,2704,SNA,"Santa Ana, CA",SEA,"Seattle, WA",-9.00,-16.00,false
b5df35c2-ebce-44b6-9df6-2b805f78e124,2025-01-05,2025,1,DL,2704,SEA,"Seattle, WA",SNA,"Santa Ana, CA",-8.00,-15.00,false
1c424519-4f55-4235-8c83-00c2b1fc03ed,2025-01-05,2025,1,DL,2704,SNA,"Santa Ana, CA",SEA,"Seattle, WA",-2.00,-2.00,false
63fd0f19-9777-462b-9ee4-7cea4bee37a7,2025-01-01,2025,1,DL,2705,SLC,"Salt Lake City, UT",AUS,"Austin, TX",-7.00,-34.00,false
2b8daca8-67b3-491a-adc8-ad351a8ce5ce,2025-01-02,2025,1,DL,2705,SLC,"Salt Lake City, UT",AUS,"Austin, TX",-5.00,-12.00,false
ffc96208-fc69-4f02-b199-7946e30a877a,2025-01-03,2025,1,DL,2705,SLC,"Salt Lake City, UT",AUS,"Austin, TX",-6.00,-23.00,false
f585b224-148f-4e20-8d4d-50167936e6ea,2025-01-04,2025,1,DL,2705,SLC,"Salt Lake City, UT",AUS,"Austin, TX",25.00,57.00,false
24191e19-0878-4541-a12c-288298bc84b5,2025-01-05,2025,1,DL,2705,SLC,"Salt Lake City, UT",AUS,"Austin, TX",-3.00,-32.00,false
94b09427-51ec-40ea-a3d1-85b9b47aed67,2025-01-06,2025,1,DL,2705,SLC,"Salt Lake City, UT",AUS,"Austin, TX",-1.00,-13.00,false
cdd0d6ff-f02b-4c85-92b9-1313c5255468,2025-01-07,2025,1,DL,2705,SLC,"Salt Lake City, UT",AUS,"Austin, TX",-6.00,-18.00,false
78d42028-91ce-4dde-b047-b71c5f09285f,2025-01-08,2025,1,DL,2705,SLC,"Salt Lake City, UT",AUS,"Austin, TX",-8.00,-14.00,false
a85b2774-8cd5-4fab-b748-19ab7689145d,2025-01-09,2025,1,DL,2705,SLC,"Salt Lake City, UT",AUS,"Austin, TX",-6.00,-26.00,false
91d76a9c-c848-4b86-97b9-252e41bfe18d,2025-01-10,2025,1,DL,2705,SLC,"Salt Lake City, UT",AUS,"Austin, TX",34.00,21.00,false
545b5104-09fa-4352-851e-ca3bc6378782,2025-01-11,2025,1,DL,2705,SLC,"Salt Lake City, UT",AUS,"Austin, TX",-4.00,-21.00,false
902efd6e-24de-4ec7-8511-bbed624ee5fb,2025-01-12,2025,1,DL,2705,SLC,"Salt Lake City, UT",AUS,"Austin, TX",57.00,44.00,false
cd3a317b-fb9c-4876-939f-a46f16bb57e0,2025-01-13,2025,1,DL,2705,SLC,"Salt Lake City, UT",AUS,"Austin, TX",77.00,52.00,false
aefce8b3-8c29-4fe8-b541-03b48643936a,2025-01-14,2025,1,DL,2705,SLC,"Salt Lake City, UT",AUS,"Austin, TX",-5.00,-20.00,false
2a067e0e-eb00-43fd-a9ca-4323b1464c83,2025-01-15,2025,1,DL,2705,SLC,"Salt Lake City, UT",AUS,"Austin, TX",-13.00,-15.00,false
34b78dba-40e3-454e-8f65-6c7eae85bbeb,2025-01-16,2025,1,DL,2705,SLC,"Salt Lake City, UT",AUS,"Austin, TX",0.00,-14.00,false
a2e125b2-67ae-44c4-906a-d0a42168ba56,2025-01-17,2025,1,DL,2705,SLC,"Salt Lake City, UT",AUS,"Austin, TX",-3.00,-29.00,false
385504d7-e146-4a76-b5d5-dce5d8188e82,2025-01-18,2025,1,DL,2705,SLC,"Salt Lake City, UT",AUS,"Austin, TX",-5.00,-2.00,false
ed865d91-632a-4b47-a2dd-ea6b6cb734c2,2025-01-19,2025,1,DL,2705,SLC,"Salt Lake City, UT",AUS,"Austin, TX",-8.00,-30.00,false
798451f0-d8e6-4a9d-9ec7-dd3a87179fc8,2025-01-20,2025,1,DL,2705,SLC,"Salt Lake City, UT",AUS,"Austin, TX",11.00,-15.00,false
5ed415ec-62c4-45b9-8004-6ced2ca6b369,2025-01-21,2025,1,DL,2705,SLC,"Salt Lake City, UT",AUS,"Austin, TX",-9.00,-22.00,false
f3df58c3-1cc0-4210-9d88-9c944b8b23b3,2025-01-22,2025,1,DL,2705,SLC,"Salt Lake City, UT",AUS,"Austin, TX",-11.00,-45.00,false
d442ec80-1345-400b-947c-9b814c77119b,2025-01-23,2025,1,DL,2705,SLC,"Salt Lake City, UT",AUS,"Austin, TX",-14.00,-10.00,false
117c260b-d88f-4004-b282-b82d3b9e6d53,2025-01-24,2025,1,DL,2705,SLC,"Salt Lake City, UT",AUS,"Austin, TX",-7.00,-34.00,false
1a59d5a7-b814-4c47-941c-93842835229c,2025-01-25,2025,1,DL,2705,SLC,"Salt Lake City, UT",AUS,"Austin, TX",-9.00,-20.00,false
1d7c0801-8171-45d0-bd60-c083b25a7ef2,2025-01-26,2025,1,DL,2705,SLC,"Salt Lake City, UT",AUS,"Austin, TX",-8.00,-20.00,false
320e0bf7-cb12-4ac0-bd96-e2a1005e3ccf,2025-01-27,2025,1,DL,2705,SLC,"Salt Lake City, UT",AUS,"Austin, TX",-10.00,-19.00,false
e3fa66d6-dde0-45d0-a412-02c55190c498,2025-01-28,2025,1,DL,2705,SLC,"Salt Lake City, UT",AUS,"Austin, TX",-10.00,-21.00,false
93ed3bfc-ea31-46eb-9b0c-b4172f8c25a1,2025-01-29,2025,1,DL,2705,SLC,"Salt Lake City, UT",AUS,"Austin, TX",-10.00,0.00,false
b93a66c1-54e5-4792-bb52-9c0aa7f3454a,2025-01-30,2025,1,DL,2705,SLC,"Salt Lake City, UT",AUS,"Austin, TX",40.00,38.00,false
ccc53d2f-f651-48c1-8e84-36b85f886421,2025-01-31,2025,1,DL,2705,SLC,"Salt Lake City, UT",AUS,"Austin, TX",-4.00,-15.00,false
611fac5a-b686-48a9-ae35-b648c95be833,2025-01-01,2025,1,DL,2706,BOS,"Boston, MA",TPA,"Tampa, FL",-2.00,-24.00,false
60c7d182-1dd8-49a5-befc-184a39f4063b,2025-01-01,2025,1,DL,2706,TPA,"Tampa, FL",BOS,"Boston, MA",-6.00,-18.00,false
645c4a1b-4f98-4046-9b53-d776c07bc335,2025-01-02,2025,1,DL,2706,BOS,"Boston, MA",TPA,"Tampa, FL",-7.00,-20.00,false
58d5a6f3-7654-4f8d-ba42-a6942ff16e8d,2025-01-03,2025,1,DL,2706,BOS,"Boston, MA",TPA,"Tampa, FL",-7.00,-15.00,false
b2e4a11d-2576-4c19-9033-f69ec2125aef,2025-01-04,2025,1,DL,2706,BOS,"Boston, MA",TPA,"Tampa, FL",-8.00,-40.00,false
8ccc137b-fef4-4162-a8d0-3ee564729c24,2025-01-05,2025,1,DL,2706,BOS,"Boston, MA",TPA,"Tampa, FL",7.00,-4.00,false
dc8e6f48-7fe1-4344-94e7-c7a4b71625eb,2025-01-06,2025,1,DL,2706,BOS,"Boston, MA",TPA,"Tampa, FL",-15.00,-12.00,false
a1c728eb-f443-48c1-a100-0cf63483d846,2025-01-06,2025,1,DL,2706,TPA,"Tampa, FL",BOS,"Boston, MA",-8.00,-33.00,false
0987be16-3931-4918-93c4-a5a1214d8e84,2025-01-07,2025,1,DL,2706,BOS,"Boston, MA",TPA,"Tampa, FL",-10.00,-26.00,false
607690a7-0ad6-419f-9596-1227abcfc235,2025-01-07,2025,1,DL,2706,TPA,"Tampa, FL",BOS,"Boston, MA",1.00,-12.00,false
64282560-45b6-4bbf-8414-43727742e2d5,2025-01-08,2025,1,DL,2706,BOS,"Boston, MA",TPA,"Tampa, FL",0.00,1.00,false
632bd1f1-2135-4143-bb0c-82bb1b886111,2025-01-08,2025,1,DL,2706,TPA,"Tampa, FL",BOS,"Boston, MA",2.00,-12.00,false
87421855-309e-42fd-a3fe-6b76efc9e970,2025-01-09,2025,1,DL,2706,BOS,"Boston, MA",TPA,"Tampa, FL",-4.00,-25.00,false
ee52d312-aa4a-4f01-b299-ffc86ce6d756,2025-01-09,2025,1,DL,2706,TPA,"Tampa, FL",BOS,"Boston, MA",-7.00,-12.00,false
a871793a-35df-4f70-9c07-b95644615d96,2025-01-10,2025,1,DL,2706,BOS,"Boston, MA",TPA,"Tampa, FL",151.00,147.00,false
881c09d3-50c3-4f67-98a4-b008464112ba,2025-01-10,2025,1,DL,2706,TPA,"Tampa, FL",BOS,"Boston, MA",144.00,135.00,false
8192e1b5-1399-4725-b811-1018eba176b3,2025-01-11,2025,1,DL,2706,BOS,"Boston, MA",TPA,"Tampa, FL",-3.00,17.00,false
b703ce22-db31-4208-9ae1-6f8c0515eaf6,2025-01-11,2025,1,DL,2706,TPA,"Tampa, FL",BOS,"Boston, MA",22.00,16.00,false
a07c7f25-9ac2-49e9-b139-f9bfde5074c0,2025-01-12,2025,1,DL,2706,BOS,"Boston, MA",TPA,"Tampa, FL",77.00,69.00,false
6e8022b9-27bb-4441-aaab-d65de3a8a9e9,2025-01-12,2025,1,DL,2706,TPA,"Tampa, FL",BOS,"Boston, MA",85.00,70.00,false
bbd8829e-6ec0-4c0e-a130-18ae0961155d,2025-01-13,2025,1,DL,2706,BOS,"Boston, MA",TPA,"Tampa, FL",-6.00,1.00,false
4229b099-fd80-4179-9279-f9ceaffb101e,2025-01-13,2025,1,DL,2706,TPA,"Tampa, FL",BOS,"Boston, MA",19.00,23.00,false
f2ff092a-3385-4784-bde1-3fc67b27e9e1,2025-01-14,2025,1,DL,2706,BOS,"Boston, MA",TPA,"Tampa, FL",-4.00,-4.00,false
74b778a0-4040-44c3-b528-2df2bcb3bb7c,2025-01-14,2025,1,DL,2706,TPA,"Tampa, FL",BOS,"Boston, MA",-2.00,-31.00,false
f18ddced-ed60-4b0a-92b3-b0b3237c4792,2025-01-15,2025,1,DL,2706,BOS,"Boston, MA",TPA,"Tampa, FL",0.00,-10.00,false
759d74e0-2ce5-4798-b650-3da7a17ffdf7,2025-01-15,2025,1,DL,2706,TPA,"Tampa, FL",BOS,"Boston, MA",-10.00,-34.00,false
af7667ee-e3b3-42e5-9e38-3da07e90fb91,2025-01-16,2025,1,DL,2706,BOS,"Boston, MA",TPA,"Tampa, FL",16.00,20.00,false
90249f49-9540-4cd6-bd18-1453bb177ca9,2025-01-16,2025,1,DL,2706,TPA,"Tampa, FL",BOS,"Boston, MA",16.00,5.00,false
14c13a78-d2dd-463b-ac07-80af38ecf2d4,2025-01-17,2025,1,DL,2706,BOS,"Boston, MA",TPA,"Tampa, FL",3.00,-14.00,false
2e9cadc9-b5ca-4fc8-80e9-763c660c5499,2025-01-17,2025,1,DL,2706,TPA,"Tampa, FL",BOS,"Boston, MA",-2.00,18.00,false
b46d4c32-569d-4ca5-9dee-7b18bfb1d9db,2025-01-18,2025,1,DL,2706,BOS,"Boston, MA",TPA,"Tampa, FL",-4.00,-5.00,false
60de41c4-e0fc-4b22-8d43-eb337eb5a31d,2025-01-18,2025,1,DL,2706,TPA,"Tampa, FL",BOS,"Boston, MA",0.00,-10.00,false
05aa93c4-9e2d-425b-9bc8-ff57875a46c8,2025-01-19,2025,1,DL,2706,BOS,"Boston, MA",TPA,"Tampa, FL",-14.00,2.00,false
12855977-6cc9-4d6a-9476-2b39c9c82a4e,2025-01-19,2025,1,DL,2706,TPA,"Tampa, FL",BOS,"Boston, MA",19.00,-3.00,false
2a009426-5426-4bfd-9d74-5b53722abe69,2025-01-20,2025,1,DL,2706,BOS,"Boston, MA",TPA,"Tampa, FL",5.00,,true
ea734959-ea38-448f-8dc4-8611ebdd0ed2,2025-01-20,2025,1,DL,2706,TPA,"Tampa, FL",BOS,"Boston, MA",,,true
aeae5ad2-3791-43b4-9aff-0f95c809ae4c,2025-01-21,2025,1,DL,2706,BOS,"Boston, MA",TPA,"Tampa, FL",5.00,33.00,false
b07b25a8-6262-4923-b9e9-84a3703be27f,2025-01-21,2025,1,DL,2706,TPA,"Tampa, FL",BOS,"Boston, MA",36.00,13.00,false
5ec003a0-dba8-411b-9bf8-d1263b294103,2025-01-22,2025,1,DL,2706,BOS,"Boston, MA",TPA,"Tampa, FL",-10.00,34.00,false
c871ac2c-22f7-4d52-9b5a-d43f8fecd6c5,2025-01-22,2025,1,DL,2706,TPA,"Tampa, FL",BOS,"Boston, MA",22.00,-1.00,false
27ba7ed5-8476-43e5-8fc7-7060248fcf90,2025-01-23,2025,1,DL,2706,BOS,"Boston, MA",TPA,"Tampa, FL",-1.00,34.00,false
c2969b52-bce7-49c5-ba02-58c9d11c7ab2,2025-01-23,2025,1,DL,2706,TPA,"Tampa, FL",BOS,"Boston, MA",23.00,3.00,false
51dcc860-de4d-4140-839c-1e44a3236894,2025-01-24,2025,1,DL,2706,BOS,"Boston, MA",TPA,"Tampa, FL",-7.00,20.00,false
69a0caf4-d20b-4d26-8a65-fb4b51f45c0d,2025-01-24,2025,1,DL,2706,TPA,"Tampa, FL",BOS,"Boston, MA",17.00,-9.00,false
8a615a83-9673-4fcd-9a81-289295031249,2025-01-25,2025,1,DL,2706,BOS,"Boston, MA",TPA,"Tampa, FL",-4.00,-7.00,false
9356218c-9b64-48fe-8e0e-a06dbc5a90ac,2025-01-25,2025,1,DL,2706,TPA,"Tampa, FL",BOS,"Boston, MA",0.00,-14.00,false
2bf55e4d-8d60-4538-8ffe-f4f0d34130f9,2025-01-26,2025,1,DL,2706,BOS,"Boston, MA",TPA,"Tampa, FL",-6.00,-7.00,false
3bc93199-88ee-4e72-ae99-08b65d5e0441,2025-01-26,2025,1,DL,2706,TPA,"Tampa, FL",BOS,"Boston, MA",-2.00,-9.00,false
70ac5734-76fc-4ad5-8ada-d2ae5ee7916a,2025-01-27,2025,1,DL,2706,BOS,"Boston, MA",TPA,"Tampa, FL",-5.00,-5.00,false
7b739bff-7a56-44c6-9401-5399a8be726a,2025-01-27,2025,1,DL,2706,TPA,"Tampa, FL",BOS,"Boston, MA",-3.00,-7.00,false
6cba5f6e-df0e-49ce-ae3e-5ea368f42cc9,2025-01-28,2025,1,DL,2706,BOS,"Boston, MA",TPA,"Tampa, FL",4.00,-9.00,false
424d3768-0dba-452e-afe1-ff8480d71276,2025-01-28,2025,1,DL,2706,TPA,"Tampa, FL",BOS,"Boston, MA",-2.00,-13.00,false
463ccceb-30a5-4003-b046-c65986dba33a,2025-01-29,2025,1,DL,2706,BOS,"Boston, MA",TPA,"Tampa, FL",3.00,40.00,false
8604183d-5fa2-4400-984e-20fc257e0c7c,2025-01-29,2025,1,DL,2706,TPA,"Tampa, FL",BOS,"Boston, MA",41.00,30.00,false
31319369-1846-42e3-9ef7-86ff1c8e0999,2025-01-30,2025,1,DL,2706,BOS,"Boston, MA",TPA,"Tampa, FL",-4.00,-21.00,false
ea222b28-0a79-4427-8f02-e4963850e710,2025-01-30,2025,1,DL,2706,TPA,"Tampa, FL",BOS,"Boston, MA",-8.00,-11.00,false
714068f1-6c28-455e-8ebc-cb7778e63bc9,2025-01-31,2025,1,DL,2706,BOS,"Boston, MA",TPA,"Tampa, FL",-8.00,-16.00,false
11e949bc-c848-43ae-b97c-b8d4871d400f,2025-01-31,2025,1,DL,2706,TPA,"Tampa, FL",BOS,"Boston, MA",-1.00,-4.00,false
6cfdb8a5-45b6-4cbb-a700-7a51efd990c7,2025-01-02,2025,1,DL,2707,ATL,"Atlanta, GA",OMA,"Omaha, NE",-7.00,-13.00,false
efa926cf-4153-43df-85c7-8260c90802f7,2025-01-03,2025,1,DL,2707,ATL,"Atlanta, GA",OMA,"Omaha, NE",24.00,27.00,false
a4351d51-70d6-4277-9095-88a8ce8fa050,2025-01-04,2025,1,DL,2707,ATL,"Atlanta, GA",OMA,"Omaha, NE",36.00,31.00,false
bf6d678d-6dde-47b5-b32d-1b52783cec98,2025-01-18,2025,1,DL,2707,ATL,"Atlanta, GA",OMA,"Omaha, NE",-1.00,-13.00,false
a0d0777e-2dc5-4fa2-9d31-fe2c89dd3c1b,2025-01-19,2025,1,DL,2707,ATL,"Atlanta, GA",OMA,"Omaha, NE",-7.00,-14.00,false
0d9d7432-c862-4467-8ea5-7d06e3ba7338,2025-01-20,2025,1,DL,2707,ATL,"Atlanta, GA",OMA,"Omaha, NE",-6.00,-3.00,false
3dfb6363-21ab-4836-9515-55ecd61c3401,2025-01-21,2025,1,DL,2707,ATL,"Atlanta, GA",OMA,"Omaha, NE",185.00,232.00,false
b67eeec5-f335-4929-be0a-f6ded70ebc06,2025-01-22,2025,1,DL,2707,ATL,"Atlanta, GA",OMA,"Omaha, NE",-4.00,-14.00,false
821b2cb5-62b5-4dd0-9fe3-fdbdd47b0921,2025-01-23,2025,1,DL,2707,ATL,"Atlanta, GA",OMA,"Omaha, NE",50.00,40.00,false
c51496c6-726d-43fe-9239-dc8aa418810f,2025-01-24,2025,1,DL,2707,ATL,"Atlanta, GA",OMA,"Omaha, NE",-1.00,-6.00,false
ff662285-1a55-4914-9e4e-7f555519350b,2025-01-25,2025,1,DL,2707,ATL,"Atlanta, GA",OMA,"Omaha, NE",-8.00,-9.00,false
39f1dad4-2d85-489c-be99-734ceb13923e,2025-01-26,2025,1,DL,2707,ATL,"Atlanta, GA",OMA,"Omaha, NE",-7.00,-14.00,false
35553fe9-bbb4-4d93-8bd1-2eaa161d0b0c,2025-01-06,2025,1,DL,2708,BNA,"Nashville, TN",BOS,"Boston, MA",2.00,0.00,false
1656e795-680d-4969-998a-056fc7fb0fed,2025-01-06,2025,1,DL,2708,BOS,"Boston, MA",BNA,"Nashville, TN",-5.00,-16.00,false
70680b5c-43e7-4964-9923-a039de6787d1,2025-01-07,2025,1,DL,2708,BNA,"Nashville, TN",BOS,"Boston, MA",21.00,2.00,false
5241de21-1f53-42b5-b290-072e131b27ef,2025-01-07,2025,1,DL,2708,BOS,"Boston, MA",BNA,"Nashville, TN",40.00,27.00,false
67382d12-6a4e-4017-aa41-441fdb2b7984,2025-01-08,2025,1,DL,2708,BNA,"Nashville, TN",BOS,"Boston, MA",-13.00,-25.00,false
e8f53ad7-a928-4403-bc8d-9668b993fcc3,2025-01-08,2025,1,DL,2708,BOS,"Boston, MA",BNA,"Nashville, TN",-13.00,-28.00,false
b553d2f8-2a26-4bb1-bb75-e579d7e94ba3,2025-01-09,2025,1,DL,2708,BNA,"Nashville, TN",BOS,"Boston, MA",-5.00,-14.00,false
6aa976f8-fd77-4acc-9edf-9b9c738c28af,2025-01-09,2025,1,DL,2708,BOS,"Boston, MA",BNA,"Nashville, TN",-12.00,-36.00,false
92c970d5-c750-4899-a521-4ff6956ca8e6,2025-01-10,2025,1,DL,2708,BNA,"Nashville, TN",BOS,"Boston, MA",-5.00,-33.00,false
0ddd9e13-a88d-4923-82b4-62bd8584c078,2025-01-10,2025,1,DL,2708,BOS,"Boston, MA",BNA,"Nashville, TN",-1.00,2.00,false
d052a97b-4bac-4e46-8858-7613426e0904,2025-01-12,2025,1,DL,2708,BNA,"Nashville, TN",BOS,"Boston, MA",-6.00,-31.00,false
d76f2427-66a9-40a1-9b39-053f2c11bf30,2025-01-12,2025,1,DL,2708,BOS,"Boston, MA",BNA,"Nashville, TN",9.00,3.00,false
c2d22c2a-6452-4cb8-a9ba-be928730e63f,2025-01-13,2025,1,DL,2708,BNA,"Nashville, TN",BOS,"Boston, MA",-13.00,-37.00,false
08656011-ff75-4e03-83a1-248c7f6a0634,2025-01-13,2025,1,DL,2708,BOS,"Boston, MA",BNA,"Nashville, TN",-9.00,1.00,false
1a792a7c-ec5c-4cc5-9f02-e0344ca7bc84,2025-01-14,2025,1,DL,2708,BNA,"Nashville, TN",BOS,"Boston, MA",-3.00,-30.00,false
2f8aee09-f131-452e-9d35-ab156e60f41a,2025-01-14,2025,1,DL,2708,BOS,"Boston, MA",BNA,"Nashville, TN",6.00,9.00,false
54b3ee9d-7d5e-4c84-bafa-cb8b65b6a478,2025-01-15,2025,1,DL,2708,BNA,"Nashville, TN",BOS,"Boston, MA",-13.00,-17.00,false
9fa5c139-69d3-4e31-a8f1-55e7e5cf4804,2025-01-15,2025,1,DL,2708,BOS,"Boston, MA",BNA,"Nashville, TN",-3.00,-15.00,false
7c750613-be94-4533-aeff-b7338ae96e65,2025-01-16,2025,1,DL,2708,BNA,"Nashville, TN",BOS,"Boston, MA",-17.00,-20.00,false
cb485761-f9d9-4c8c-a21e-ad70d667735b,2025-01-16,2025,1,DL,2708,BOS,"Boston, MA",BNA,"Nashville, TN",-5.00,-22.00,false
16d8d722-c9c7-4a72-8a9a-2d6470703b34,2025-01-17,2025,1,DL,2708,BNA,"Nashville, TN",BOS,"Boston, MA",-1.00,-15.00,false
7a7e3f71-40a7-48ea-b081-4b846c9fbbe8,2025-01-17,2025,1,DL,2708,BOS,"Boston, MA",BNA,"Nashville, TN",18.00,1.00,false
3ea8d1fe-f0f5-4113-a6a7-c99bd925bca2,2025-01-19,2025,1,DL,2708,BNA,"Nashville, TN",BOS,"Boston, MA",75.00,57.00,false
0eb85895-ceb1-4706-b9a3-678bfd234ef2,2025-01-19,2025,1,DL,2708,BOS,"Boston, MA",BNA,"Nashville, TN",-10.00,-10.00,false
8f46dcb9-8e63-434c-9af8-eb53fa1dad17,2025-01-20,2025,1,DL,2708,BNA,"Nashville, TN",BOS,"Boston, MA",11.00,-9.00,false
45dbb356-6208-4e27-824e-0f68b6e37f5a,2025-01-20,2025,1,DL,2708,BOS,"Boston, MA",BNA,"Nashville, TN",-5.00,17.00,false
409efc45-d091-4286-a4d4-517314ae45a3,2025-01-21,2025,1,DL,2708,BNA,"Nashville, TN",BOS,"Boston, MA",9.00,-19.00,false
572e426b-23b6-42f6-baa8-f97cad775c5f,2025-01-21,2025,1,DL,2708,BOS,"Boston, MA",BNA,"Nashville, TN",-4.00,24.00,false
18892b83-6fed-4a8a-b3d3-6e87cea58e2c,2025-01-22,2025,1,DL,2708,BNA,"Nashville, TN",BOS,"Boston, MA",-11.00,-28.00,false
cd051424-fcec-45c0-b779-0d9bfe4c6a8b,2025-01-22,2025,1,DL,2708,BOS,"Boston, MA",BNA,"Nashville, TN",-8.00,-21.00,false
a15eba43-7b3f-430e-8b62-595cd834aaf6,2025-01-23,2025,1,DL,2708,BNA,"Nashville, TN",BOS,"Boston, MA",7.00,-16.00,false
cd274d5a-a2b4-451a-b568-d6ec5b5b336d,2025-01-23,2025,1,DL,2708,BOS,"Boston, MA",BNA,"Nashville, TN",-4.00,10.00,false
1620e739-2b7a-4b74-9192-d1b2e7c95dd1,2025-01-24,2025,1,DL,2708,BNA,"Nashville, TN",BOS,"Boston, MA",-11.00,-18.00,false
1780c10c-3b02-4312-8dda-aede9009f2e0,2025-01-24,2025,1,DL,2708,BOS,"Boston, MA",BNA,"Nashville, TN",-10.00,-26.00,false
c5a9b389-5b15-46b3-9d17-8f1f0538002b,2025-01-26,2025,1,DL,2708,BNA,"Nashville, TN",BOS,"Boston, MA",,,true
1ca71111-7ea5-4c32-959f-11a6c6bc02e9,2025-01-26,2025,1,DL,2708,BOS,"Boston, MA",BNA,"Nashville, TN",,,true
147abd51-5670-455b-acaa-d35e67b20492,2025-01-27,2025,1,DL,2708,BNA,"Nashville, TN",BOS,"Boston, MA",-9.00,-15.00,false
31f1c9d4-451c-4e9a-bca8-259e833ccd6c,2025-01-27,2025,1,DL,2708,BOS,"Boston, MA",BNA,"Nashville, TN",10.00,-4.00,false
9048002c-a18d-4749-a235-90a74f83abd0,2025-01-28,2025,1,DL,2708,BNA,"Nashville, TN",BOS,"Boston, MA",-20.00,-33.00,false
35a2de81-bfed-4371-b818-2847aaa11321,2025-01-28,2025,1,DL,2708,BOS,"Boston, MA",BNA,"Nashville, TN",-13.00,-42.00,false
cceb481c-23d8-436a-b44c-f96709c993b5,2025-01-29,2025,1,DL,2708,BNA,"Nashville, TN",BOS,"Boston, MA",-6.00,-21.00,false
e85cc018-58d7-425c-9370-889164e2f4f9,2025-01-29,2025,1,DL,2708,BOS,"Boston, MA",BNA,"Nashville, TN",7.00,-5.00,false
4927ea99-07d6-4675-9b72-48c3cd7dbf5a,2025-01-30,2025,1,DL,2708,BNA,"Nashville, TN",BOS,"Boston, MA",10.00,-3.00,false
2a03a6cf-f0c6-421c-84bf-abb9de63484c,2025-01-30,2025,1,DL,2708,BOS,"Boston, MA",BNA,"Nashville, TN",10.00,12.00,false
5883ac58-1846-44e9-9294-80fec7da8057,2025-01-31,2025,1,DL,2708,BNA,"Nashville, TN",BOS,"Boston, MA",58.00,40.00,false
50052033-5a7a-4f46-adb8-cfa8d9324f8e,2025-01-31,2025,1,DL,2708,BOS,"Boston, MA",BNA,"Nashville, TN",18.00,50.00,false
57fcd0f5-9902-4281-808e-74e727484eb9,2025-01-01,2025,1,DL,2709,MSP,"Minneapolis, MN",AUS,"Austin, TX",-4.00,-19.00,false
63d90275-839a-468f-8579-fb32571a04b7,2025-01-02,2025,1,DL,2709,MSP,"Minneapolis, MN",AUS,"Austin, TX",-4.00,-33.00,false
63bf80c6-2bcb-4606-a6da-db0e72a851d2,2025-01-03,2025,1,DL,2709,MSP,"Minneapolis, MN",AUS,"Austin, TX",-1.00,-34.00,false
cd6442f3-8c50-443f-829b-72db605974c5,2025-01-04,2025,1,DL,2709,MSP,"Minneapolis, MN",AUS,"Austin, TX",-1.00,-5.00,false
360a618e-a80a-4816-a9d2-c2a0713b5a2b,2025-01-05,2025,1,DL,2709,MSP,"Minneapolis, MN",AUS,"Austin, TX",1.00,-19.00,false
0b1ccaf9-c17b-466a-bc63-4c7758907b62,2025-01-06,2025,1,DL,2709,MSP,"Minneapolis, MN",AUS,"Austin, TX",-11.00,-28.00,false
88d47988-58f4-413c-9643-3d7e51187cdb,2025-01-07,2025,1,DL,2709,MSP,"Minneapolis, MN",AUS,"Austin, TX",0.00,-21.00,false
9ac0ba50-dc98-444d-a802-cd90e3b4e8c3,2025-01-08,2025,1,DL,2709,MSP,"Minneapolis, MN",AUS,"Austin, TX",-4.00,-31.00,false
f6498188-605a-4325-840d-dfdf66d54f44,2025-01-09,2025,1,DL,2709,MSP,"Minneapolis, MN",AUS,"Austin, TX",3.00,-3.00,false
314b8d30-3305-4ec3-a847-ef1ca49ffd97,2025-01-10,2025,1,DL,2709,MSP,"Minneapolis, MN",AUS,"Austin, TX",-1.00,-18.00,false
e008ad34-2700-464d-8b20-c74eb1db4a16,2025-01-11,2025,1,DL,2709,MSP,"Minneapolis, MN",AUS,"Austin, TX",85.00,66.00,false
8117331b-621e-42ae-9d03-db7831e5ecca,2025-01-12,2025,1,DL,2709,MSP,"Minneapolis, MN",AUS,"Austin, TX",-2.00,29.00,false
daa8572f-b4aa-4aff-bcfa-4a1879f46a64,2025-01-13,2025,1,DL,2709,MSP,"Minneapolis, MN",AUS,"Austin, TX",-6.00,10.00,false
7c1c84de-f1a4-4a5f-a060-642f4730a7e4,2025-01-14,2025,1,DL,2709,MSP,"Minneapolis, MN",AUS,"Austin, TX",1.00,-10.00,false
1c800a61-339f-4fad-ad3a-287a3c0d1cca,2025-01-15,2025,1,DL,2709,MSP,"Minneapolis, MN",AUS,"Austin, TX",-4.00,-18.00,false
0b5dfcab-4416-4fc6-984b-3aebdaecfbec,2025-01-16,2025,1,DL,2709,MSP,"Minneapolis, MN",AUS,"Austin, TX",-6.00,-23.00,false
b2980d51-8177-4b16-9339-6967ce022369,2025-01-17,2025,1,DL,2709,MSP,"Minneapolis, MN",AUS,"Austin, TX",11.00,-8.00,false
a4c5cf91-3071-4bc6-be5c-d41ca1f3bec1,2025-01-18,2025,1,DL,2709,MSP,"Minneapolis, MN",AUS,"Austin, TX",-6.00,-22.00,false
855f651e-9271-4475-9d58-fe7585e8fc69,2025-01-19,2025,1,DL,2709,MSP,"Minneapolis, MN",AUS,"Austin, TX",7.00,2.00,false
6aba00ea-4fa2-49f5-9f59-1ff01db7a9f1,2025-01-20,2025,1,DL,2709,MSP,"Minneapolis, MN",AUS,"Austin, TX",-1.00,6.00,false
7a9c41b6-b31c-4a32-9a8c-2ac5ef649335,2025-01-21,2025,1,DL,2709,MSP,"Minneapolis, MN",AUS,"Austin, TX",13.00,1.00,false
e276c90c-f8b1-4f0e-aef4-cded21ef36aa,2025-01-22,2025,1,DL,2709,MSP,"Minneapolis, MN",AUS,"Austin, TX",-5.00,-19.00,false
bef923d9-b18d-4c73-8066-88e06d956d1b,2025-01-23,2025,1,DL,2709,MSP,"Minneapolis, MN",AUS,"Austin, TX",-4.00,4.00,false
0b2adaac-72ff-4217-a599-e7226b8eb587,2025-01-24,2025,1,DL,2709,MSP,"Minneapolis, MN",AUS,"Austin, TX",-2.00,-32.00,false
72c23d05-aa76-42f7-b120-d47559521af5,2025-01-25,2025,1,DL,2709,MSP,"Minneapolis, MN",AUS,"Austin, TX",-4.00,-25.00,false
23d75c67-c95d-49f5-a31e-717c74847871,2025-01-26,2025,1,DL,2709,MSP,"Minneapolis, MN",AUS,"Austin, TX",-1.00,-19.00,false
d6eb5b02-2af2-4a65-b6a4-2dd73315b14f,2025-01-27,2025,1,DL,2709,MSP,"Minneapolis, MN",AUS,"Austin, TX",-9.00,-27.00,false
b552696e-31af-4ba4-a091-626e27504f26,2025-01-28,2025,1,DL,2709,MSP,"Minneapolis, MN",AUS,"Austin, TX",-9.00,3.00,false
8cfc0627-842b-4654-85a4-614d3e1b92a9,2025-01-29,2025,1,DL,2709,MSP,"Minneapolis, MN",AUS,"Austin, TX",-9.00,-12.00,false
0e2a8c09-15a1-4cb4-9382-39feec8d095c,2025-01-30,2025,1,DL,2709,MSP,"Minneapolis, MN",AUS,"Austin, TX",-6.00,-9.00,false
14fa9456-4ef8-43f5-a8f4-0f35220e580e,2025-01-31,2025,1,DL,2709,MSP,"Minneapolis, MN",AUS,"Austin, TX",-4.00,-17.00,false
6c2a35e1-594c-4d22-b961-f332c8780bf8,2025-01-01,2025,1,DL,2711,ATL,"Atlanta, GA",BWI,"Baltimore, MD",3.00,1.00,false
230ed03c-8039-4864-8649-45e7d23925cf,2025-01-01,2025,1,DL,2711,BWI,"Baltimore, MD",ATL,"Atlanta, GA",-3.00,-2.00,false
c4bffd72-f0ba-4022-a80c-66046aebd1dc,2025-01-02,2025,1,DL,2711,ATL,"Atlanta, GA",BWI,"Baltimore, MD",-2.00,-2.00,false
33c2f958-db87-4d6c-b828-0eb2661ee512,2025-01-02,2025,1,DL,2711,BWI,"Baltimore, MD",ATL,"Atlanta, GA",4.00,-6.00,false
18049e03-fff9-4b61-9be5-856d74689827,2025-01-03,2025,1,DL,2711,ATL,"Atlanta, GA",BWI,"Baltimore, MD",33.00,24.00,false
c1f05680-236d-4d0e-829e-01fba1b17535,2025-01-03,2025,1,DL,2711,BWI,"Baltimore, MD",ATL,"Atlanta, GA",28.00,18.00,false
da459fe8-7a0f-45d8-9279-3c8414c50e8d,2025-01-04,2025,1,DL,2711,ATL,"Atlanta, GA",BWI,"Baltimore, MD",2.00,-2.00,false
9ba973f1-7e21-460c-be3d-c03da2a70f86,2025-01-04,2025,1,DL,2711,BWI,"Baltimore, MD",ATL,"Atlanta, GA",4.00,-15.00,false
28326438-35ce-4af0-92c1-a04ca61e4a2b,2025-01-05,2025,1,DL,2711,ATL,"Atlanta, GA",BWI,"Baltimore, MD",3.00,-6.00,false
366acc92-f982-4778-a80e-af3becec8008,2025-01-05,2025,1,DL,2711,BWI,"Baltimore, MD",ATL,"Atlanta, GA",0.00,7.00,false
5dda2c05-f868-4ea8-a544-2d40a7d1443a,2025-01-06,2025,1,DL,2711,ATL,"Atlanta, GA",BWI,"Baltimore, MD",58.00,54.00,false
e7a54684-4810-46a4-aa80-a7b4597a36db,2025-01-06,2025,1,DL,2711,BWI,"Baltimore, MD",ATL,"Atlanta, GA",60.00,101.00,false
e6723e58-46df-4817-8f51-eccc6d74dea2,2025-01-07,2025,1,DL,2711,ATL,"Atlanta, GA",BWI,"Baltimore, MD",18.00,9.00,false
f3a031fe-cf13-427e-b788-6f597a1a11c5,2025-01-07,2025,1,DL,2711,BWI,"Baltimore, MD",ATL,"Atlanta, GA",12.00,4.00,false
d0332f4b-de91-4251-bd91-a2b9aac00a8d,2025-01-08,2025,1,DL,2711,ATL,"Atlanta, GA",BWI,"Baltimore, MD",-6.00,-17.00,false
4b9b507b-bcb6-4726-8448-25d08eaa46be,2025-01-08,2025,1,DL,2711,BWI,"Baltimore, MD",ATL,"Atlanta, GA",-2.00,-11.00,false
229c5221-19ce-4f92-b707-d4db7ff84453,2025-01-09,2025,1,DL,2711,ATL,"Atlanta, GA",BWI,"Baltimore, MD",7.00,7.00,false
2a61830c-05a4-4af9-8f8e-bcb4bca75d84,2025-01-09,2025,1,DL,2711,BWI,"Baltimore, MD",ATL,"Atlanta, GA",-1.00,-20.00,false
009dc43e-2def-47dd-b84d-8dab44748a1a,2025-01-10,2025,1,DL,2711,ATL,"Atlanta, GA",BWI,"Baltimore, MD",,,true
aa4c054a-d977-4f92-bf77-8afaff1fc254,2025-01-10,2025,1,DL,2711,BWI,"Baltimore, MD",ATL,"Atlanta, GA",,,true
258ce624-6671-4178-94f2-b4dc63732021,2025-01-11,2025,1,DL,2711,ATL,"Atlanta, GA",BWI,"Baltimore, MD",,,true
3aa1805d-e726-4202-8b57-a25ef679bf66,2025-01-11,2025,1,DL,2711,BWI,"Baltimore, MD",ATL,"Atlanta, GA",-3.00,-20.00,false
bcde621c-ce8c-4ccf-9a12-d78c49672e1b,2025-01-12,2025,1,DL,2711,ATL,"Atlanta, GA",BWI,"Baltimore, MD",4.00,74.00,false
c22ddf72-8dd4-4024-9701-359edbd98cb8,2025-01-12,2025,1,DL,2711,BWI,"Baltimore, MD",ATL,"Atlanta, GA",80.00,69.00,false
d72bfa5e-60e2-4369-a358-07842df11a82,2025-01-13,2025,1,DL,2711,ATL,"Atlanta, GA",BWI,"Baltimore, MD",8.00,5.00,false
35ea59c1-b887-4fc6-8fb8-a5c97de6cb44,2025-01-13,2025,1,DL,2711,BWI,"Baltimore, MD",ATL,"Atlanta, GA",0.00,-12.00,false
f9a3cb2b-8704-44b5-a95a-b98e4e866bdf,2025-01-14,2025,1,DL,2711,ATL,"Atlanta, GA",BWI,"Baltimore, MD",-5.00,-15.00,false
10adf231-7062-4554-9179-2074ac65990a,2025-01-14,2025,1,DL,2711,BWI,"Baltimore, MD",ATL,"Atlanta, GA",-10.00,-7.00,false
2244a56b-9f73-4e44-80b7-6876411651b4,2025-01-15,2025,1,DL,2711,ATL,"Atlanta, GA",BWI,"Baltimore, MD",-2.00,-11.00,false
7dbcbdcc-3f1f-4397-ab20-54e71ccfd81c,2025-01-15,2025,1,DL,2711,BWI,"Baltimore, MD",ATL,"Atlanta, GA",-3.00,-7.00,false
85ee2345-a90c-4857-aaaa-cd23f63b8c15,2025-01-16,2025,1,DL,2711,ATL,"Atlanta, GA",BWI,"Baltimore, MD",-1.00,6.00,false
22a7f3d0-dbdc-4794-918c-9ccf92aab217,2025-01-16,2025,1,DL,2711,BWI,"Baltimore, MD",ATL,"Atlanta, GA",4.00,2.00,false
5bdb5ae3-4fea-4856-875b-1c3bd7d89938,2025-01-17,2025,1,DL,2711,ATL,"Atlanta, GA",BWI,"Baltimore, MD",-5.00,-2.00,false
003628e4-3d92-4eb3-8092-1ab7ef5d7250,2025-01-17,2025,1,DL,2711,BWI,"Baltimore, MD",ATL,"Atlanta, GA",3.00,-11.00,false
172c47a8-1fdf-4e2e-9948-d076efe0d7bb,2025-01-18,2025,1,DL,2711,ATL,"Atlanta, GA",BWI,"Baltimore, MD",-6.00,-14.00,false
9fd42eeb-81e1-4ca7-b5dd-5009a5af3114,2025-01-18,2025,1,DL,2711,BWI,"Baltimore, MD",ATL,"Atlanta, GA",-8.00,-11.00,false
a41913c0-1d1f-4746-8eb8-29bb34c877b0,2025-01-19,2025,1,DL,2711,ATL,"Atlanta, GA",BWI,"Baltimore, MD",16.00,2.00,false
2f846212-bdc0-4eee-b1b5-f44f0cb019d8,2025-01-19,2025,1,DL,2711,BWI,"Baltimore, MD",ATL,"Atlanta, GA",1.00,6.00,false
376459b4-065a-4312-b40b-0c3e78826a93,2025-01-20,2025,1,DL,2711,ATL,"Atlanta, GA",BWI,"Baltimore, MD",26.00,19.00,false
ce3d2062-d60e-4e8a-8aba-e4a6a9e450ff,2025-01-20,2025,1,DL,2711,BWI,"Baltimore, MD",ATL,"Atlanta, GA",14.00,15.00,false
2c7e7ac7-cd5f-4110-98a3-e23009a65ae6,2025-01-21,2025,1,DL,2711,ATL,"Atlanta, GA",BWI,"Baltimore, MD",18.00,5.00,false
d6a71d3d-9e18-4c2c-8fe3-8cd711d0f71f,2025-01-21,2025,1,DL,2711,BWI,"Baltimore, MD",ATL,"Atlanta, GA",6.00,20.00,false
1fe9b7f5-2e85-4258-9e6c-44362efdc8e1,2025-01-22,2025,1,DL,2711,ATL,"Atlanta, GA",BWI,"Baltimore, MD",206.00,203.00,false
d730c8a4-fd86-4f08-938d-602fc0af77e7,2025-01-22,2025,1,DL,2711,BWI,"Baltimore, MD",ATL,"Atlanta, GA",179.00,171.00,false
ee07411c-eb0b-4f6b-a10f-cdf27004f75d,2025-01-23,2025,1,DL,2711,ATL,"Atlanta, GA",BWI,"Baltimore, MD",-4.00,-17.00,false
03e5247c-c807-4f23-8d49-45634176d4ff,2025-01-23,2025,1,DL,2711,BWI,"Baltimore, MD",ATL,"Atlanta, GA",-5.00,-4.00,false
99700448-8ea1-4df1-a31b-8f19bafc4f36,2025-01-24,2025,1,DL,2711,ATL,"Atlanta, GA",BWI,"Baltimore, MD",10.00,-1.00,false
bc729611-d5d8-4634-a48a-d5f076b82280,2025-01-24,2025,1,DL,2711,BWI,"Baltimore, MD",ATL,"Atlanta, GA",-8.00,-4.00,false
8fb0ded4-fc0f-4d52-b466-817a1a8c602e,2025-01-25,2025,1,DL,2711,ATL,"Atlanta, GA",BWI,"Baltimore, MD",28.00,16.00,false
78dc9362-8b47-4ced-8392-bf97e1f2750b,2025-01-25,2025,1,DL,2711,BWI,"Baltimore, MD",ATL,"Atlanta, GA",11.00,-8.00,false
22864ba4-f027-41cd-9e2e-d3218908127f,2025-01-26,2025,1,DL,2711,ATL,"Atlanta, GA",BWI,"Baltimore, MD",2.00,-7.00,false
28bb6b39-5f47-4fbb-afc9-015a279b6668,2025-01-26,2025,1,DL,2711,BWI,"Baltimore, MD",ATL,"Atlanta, GA",-7.00,-24.00,false
c3170b01-5b77-4f62-a3f4-e05d202bd1e5,2025-01-27,2025,1,DL,2711,ATL,"Atlanta, GA",BWI,"Baltimore, MD",-6.00,-22.00,false
4c53b3aa-3ee6-4106-9686-a2dad944340f,2025-01-27,2025,1,DL,2711,BWI,"Baltimore, MD",ATL,"Atlanta, GA",-3.00,-15.00,false
73800acd-bedf-48af-b2a2-3ba48ebc826a,2025-01-28,2025,1,DL,2711,ATL,"Atlanta, GA",BWI,"Baltimore, MD",-4.00,-2.00,false
ff910618-3f1a-4129-ae98-f231b020f323,2025-01-28,2025,1,DL,2711,BWI,"Baltimore, MD",ATL,"Atlanta, GA",-13.00,-30.00,false
e0750e44-90c8-4ca5-bef8-56f8cea4f298,2025-01-29,2025,1,DL,2711,ATL,"Atlanta, GA",BWI,"Baltimore, MD",-7.00,-14.00,false
b70a512c-8040-43a0-b993-b9f89b250bf3,2025-01-29,2025,1,DL,2711,BWI,"Baltimore, MD",ATL,"Atlanta, GA",-7.00,-15.00,false
a4288319-b946-47f8-86fb-6e904f5d629f,2025-01-30,2025,1,DL,2711,ATL,"Atlanta, GA",BWI,"Baltimore, MD",-1.00,-16.00,false
35ad93ad-bce0-4ae5-90d7-d3110cec9e11,2025-01-30,2025,1,DL,2711,BWI,"Baltimore, MD",ATL,"Atlanta, GA",-4.00,-15.00,false
829161f6-d881-4282-aa43-20cceb0076e6,2025-01-31,2025,1,DL,2711,ATL,"Atlanta, GA",BWI,"Baltimore, MD",-6.00,-15.00,false
67d7b3ab-a5e2-4648-abcb-9e1219fe1a60,2025-01-31,2025,1,DL,2711,BWI,"Baltimore, MD",ATL,"Atlanta, GA",-3.00,-13.00,false
c9480d28-2680-46f2-bae6-b944d091db9f,2025-01-02,2025,1,DL,2712,IAH,"Houston, TX",SLC,"Salt Lake City, UT",15.00,11.00,false
d7d4b524-adb5-42c8-8498-2509ae8d3a16,2025-01-03,2025,1,DL,2712,IAH,"Houston, TX",SLC,"Salt Lake City, UT",-9.00,-11.00,false
1eab1687-8945-4113-8aa6-b396502b7f1f,2025-01-04,2025,1,DL,2712,IAH,"Houston, TX",SLC,"Salt Lake City, UT",9.00,5.00,false
a77a8469-e6c1-429d-9ac9-0ffceaff8656,2025-01-05,2025,1,DL,2712,IAH,"Houston, TX",SLC,"Salt Lake City, UT",153.00,188.00,false
46504db1-d668-4477-8a4b-a273dfdd6eeb,2025-01-06,2025,1,DL,2713,MCI,"Kansas City, MO",DTW,"Detroit, MI",13.00,0.00,false
e4a66b0a-9565-4d8b-a893-12f2e6c04994,2025-01-07,2025,1,DL,2713,MCI,"Kansas City, MO",DTW,"Detroit, MI",-11.00,-31.00,false
fbe3ce3b-7077-4f79-88c4-25786884fbf1,2025-01-08,2025,1,DL,2713,MCI,"Kansas City, MO",DTW,"Detroit, MI",-10.00,-7.00,false
b3d25856-ee7b-4aad-953f-73210c8fafbd,2025-01-09,2025,1,DL,2713,MCI,"Kansas City, MO",DTW,"Detroit, MI",-10.00,-26.00,false
c571d0da-e7df-40c9-af3b-f777361520df,2025-01-10,2025,1,DL,2713,MCI,"Kansas City, MO",DTW,"Detroit, MI",23.00,14.00,false
2accee6d-b0b5-4bc3-92e6-089a2b40559b,2025-01-12,2025,1,DL,2713,MCI,"Kansas City, MO",DTW,"Detroit, MI",43.00,13.00,false
ea71a9b5-58f7-461d-8b4c-541dd2f75eed,2025-01-13,2025,1,DL,2713,MCI,"Kansas City, MO",DTW,"Detroit, MI",42.00,19.00,false
f98b1a51-3ec0-4e78-ade6-329b0b4c9d87,2025-01-14,2025,1,DL,2713,MCI,"Kansas City, MO",DTW,"Detroit, MI",12.00,-14.00,false
b762f952-163f-4748-9881-32112aab4324,2025-01-15,2025,1,DL,2713,MCI,"Kansas City, MO",DTW,"Detroit, MI",-6.00,-17.00,false
1e3b78b7-f584-425c-b3e1-0927b3a3fdc8,2025-01-16,2025,1,DL,2713,MCI,"Kansas City, MO",DTW,"Detroit, MI",42.00,30.00,false
be5770c4-6470-45ea-ba4d-7538732cf331,2025-01-17,2025,1,DL,2713,MCI,"Kansas City, MO",DTW,"Detroit, MI",21.00,0.00,false
a2ef475e-f675-4317-9c46-9cad701b8474,2025-01-20,2025,1,DL,2713,MCI,"Kansas City, MO",DTW,"Detroit, MI",7.00,-18.00,false
54208517-d85c-48ca-a7a0-1c642ba744c5,2025-01-21,2025,1,DL,2713,MCI,"Kansas City, MO",DTW,"Detroit, MI",6.00,-8.00,false
c767d0ff-9170-4800-85f4-84b7cce35a13,2025-01-22,2025,1,DL,2713,MCI,"Kansas City, MO",DTW,"Detroit, MI",-8.00,-31.00,false
5a0d91bf-1998-4d69-8e11-366c5fae3380,2025-01-23,2025,1,DL,2713,MCI,"Kansas City, MO",DTW,"Detroit, MI",12.00,-8.00,false
d1d0b3df-8e27-4fc5-bfb6-15128f3da167,2025-01-24,2025,1,DL,2713,MCI,"Kansas City, MO",DTW,"Detroit, MI",-5.00,-28.00,false
70ad21c1-f344-4b99-94e5-d1c354f220c0,2025-01-26,2025,1,DL,2713,MCI,"Kansas City, MO",DTW,"Detroit, MI",-19.00,-44.00,false
aa4203b1-7c3c-4b55-8265-c13c1a460392,2025-01-27,2025,1,DL,2713,MCI,"Kansas City, MO",DTW,"Detroit, MI",-9.00,-22.00,false
33e4bce9-9bcd-442f-9084-67cc35296656,2025-01-28,2025,1,DL,2713,MCI,"Kansas City, MO",DTW,"Detroit, MI",-16.00,-36.00,false
ae7125e8-b111-4ac8-814e-59f1e8c96d49,2025-01-29,2025,1,DL,2713,MCI,"Kansas City, MO",DTW,"Detroit, MI",-13.00,-33.00,false
65597379-b30d-4650-823a-5f49317ebddc,2025-01-30,2025,1,DL,2713,MCI,"Kansas City, MO",DTW,"Detroit, MI",-18.00,-50.00,false
d762256d-d08b-402e-93b4-81485c706be5,2025-01-31,2025,1,DL,2713,MCI,"Kansas City, MO",DTW,"Detroit, MI",-7.00,-27.00,false
019fef38-5adb-4812-8faf-f917f9a0709d,2025-01-01,2025,1,DL,2715,DTW,"Detroit, MI",BWI,"Baltimore, MD",-6.00,19.00,false
bd420dae-f3c1-43d4-bcb4-ea5886480e91,2025-01-02,2025,1,DL,2715,DTW,"Detroit, MI",BWI,"Baltimore, MD",61.00,45.00,false
02083884-43e2-4d4b-82f9-4a096c1a83dc,2025-01-03,2025,1,DL,2715,DTW,"Detroit, MI",BWI,"Baltimore, MD",40.00,39.00,false
5fd63848-3083-40be-9c4c-f74cc0f9eb68,2025-01-04,2025,1,DL,2715,DTW,"Detroit, MI",BWI,"Baltimore, MD",-8.00,-19.00,false
00910dd8-443c-474b-9c1e-a6ebee5453a8,2025-01-05,2025,1,DL,2715,DTW,"Detroit, MI",BWI,"Baltimore, MD",-6.00,-8.00,false
253aac55-cbe5-4c6b-b7f1-0b121a938ab3,2025-01-06,2025,1,DL,2715,DTW,"Detroit, MI",BWI,"Baltimore, MD",29.00,26.00,false
0b8de7c5-7f86-4d31-8fa5-bc1acf7c0a83,2025-01-07,2025,1,DL,2715,DTW,"Detroit, MI",BWI,"Baltimore, MD",0.00,-10.00,false
33adf90b-b4f4-47b6-8cc9-0b617ff199ec,2025-01-08,2025,1,DL,2715,DTW,"Detroit, MI",BWI,"Baltimore, MD",0.00,-9.00,false
a96933c5-6126-4220-accd-774f6d657b26,2025-01-09,2025,1,DL,2715,DTW,"Detroit, MI",BWI,"Baltimore, MD",50.00,39.00,false
dde4e044-7125-4cd2-bd7e-073560ad3c67,2025-01-10,2025,1,DL,2715,DTW,"Detroit, MI",BWI,"Baltimore, MD",26.00,71.00,false
e8a293b4-a37f-440b-a1c9-7a081f0a70dd,2025-01-11,2025,1,DL,2715,DTW,"Detroit, MI",BWI,"Baltimore, MD",-1.00,-16.00,false
b4439305-487b-4fbf-911c-ef62d118af06,2025-01-12,2025,1,DL,2715,DTW,"Detroit, MI",BWI,"Baltimore, MD",-5.00,-19.00,false
174c0384-34db-445b-82fb-c4bd38a3d6eb,2025-01-13,2025,1,DL,2715,DTW,"Detroit, MI",BWI,"Baltimore, MD",-3.00,-14.00,false
d3b6e7aa-accd-4d95-ad4a-26d259f35d5d,2025-01-14,2025,1,DL,2715,DTW,"Detroit, MI",BWI,"Baltimore, MD",-9.00,-23.00,false
fe178245-e341-4ccf-b316-6530903b5ae6,2025-01-15,2025,1,DL,2715,DTW,"Detroit, MI",BWI,"Baltimore, MD",-10.00,-21.00,false
b3191937-4791-440a-8b7b-016e0b71bf00,2025-01-16,2025,1,DL,2715,DTW,"Detroit, MI",BWI,"Baltimore, MD",22.00,17.00,false
203e7285-0ecf-49b4-9f51-23bada667668,2025-01-17,2025,1,DL,2715,DTW,"Detroit, MI",BWI,"Baltimore, MD",-6.00,-22.00,false
f0375bbb-b39b-41f0-8216-c46ccd1562ca,2025-01-18,2025,1,DL,2715,DTW,"Detroit, MI",BWI,"Baltimore, MD",8.00,-4.00,false
1dbb4a52-5853-40f8-9f6f-ccab4faba213,2025-01-19,2025,1,DL,2715,DTW,"Detroit, MI",BWI,"Baltimore, MD",138.00,130.00,false
5f0efc59-aa84-4aca-8852-ce1df994e14b,2025-01-20,2025,1,DL,2715,DTW,"Detroit, MI",BWI,"Baltimore, MD",196.00,180.00,false
6f31f7f5-5eff-4c84-a4b5-2641fb5ccc90,2025-01-21,2025,1,DL,2715,DTW,"Detroit, MI",BWI,"Baltimore, MD",93.00,75.00,false
a857be02-83fe-42a3-bf22-55bbb8ceca5d,2025-01-22,2025,1,DL,2715,DTW,"Detroit, MI",BWI,"Baltimore, MD",-1.00,13.00,false
292e591a-df13-4049-b60a-933335e570a5,2025-01-23,2025,1,DL,2715,DTW,"Detroit, MI",BWI,"Baltimore, MD",1.00,-1.00,false
aa5dda20-a3a8-4cd1-a01b-0f02947dfd38,2025-01-24,2025,1,DL,2715,DTW,"Detroit, MI",BWI,"Baltimore, MD",7.00,-11.00,false
bd102988-c049-4aa3-9773-2381b5f25463,2025-01-25,2025,1,DL,2715,DTW,"Detroit, MI",BWI,"Baltimore, MD",-13.00,-35.00,false
f3bba54d-d7ac-4810-90b9-edc139d46e0d,2025-01-26,2025,1,DL,2715,DTW,"Detroit, MI",BWI,"Baltimore, MD",-6.00,-20.00,false
aae37478-cacb-4785-abb6-3d46ba60f4c6,2025-01-27,2025,1,DL,2715,DTW,"Detroit, MI",BWI,"Baltimore, MD",-2.00,-11.00,false
aaee65df-b55a-43ae-b227-87bc38149416,2025-01-28,2025,1,DL,2715,DTW,"Detroit, MI",BWI,"Baltimore, MD",-12.00,-28.00,false
c639c039-54ad-4012-8682-19d16d6d1579,2025-01-29,2025,1,DL,2715,DTW,"Detroit, MI",BWI,"Baltimore, MD",-7.00,-26.00,false
2bc794b3-0256-49e7-b80b-6474c4907239,2025-01-30,2025,1,DL,2715,DTW,"Detroit, MI",BWI,"Baltimore, MD",-1.00,-18.00,false
9a9d5e90-6232-4ccc-aa0b-ffbf224b9dbe,2025-01-31,2025,1,DL,2715,DTW,"Detroit, MI",BWI,"Baltimore, MD",4.00,20.00,false
a395a1d2-fd20-4539-8c95-76635c56e6de,2025-01-08,2025,1,DL,2716,MKE,"Milwaukee, WI",SLC,"Salt Lake City, UT",-3.00,-34.00,false
6a0eb0b1-1d54-4ffe-b738-c03771eb5974,2025-01-09,2025,1,DL,2716,MKE,"Milwaukee, WI",SLC,"Salt Lake City, UT",-11.00,-24.00,false
4ce7d330-d770-44e8-852e-c12814351717,2025-01-10,2025,1,DL,2716,MKE,"Milwaukee, WI",SLC,"Salt Lake City, UT",-7.00,-18.00,false
97d9363c-d6ef-44e5-8c0d-7473dd248cc6,2025-01-11,2025,1,DL,2716,MKE,"Milwaukee, WI",SLC,"Salt Lake City, UT",-1.00,-10.00,false
0f5b06f9-235f-40cc-bf76-3ce8003d629f,2025-01-12,2025,1,DL,2716,MKE,"Milwaukee, WI",SLC,"Salt Lake City, UT",-6.00,-21.00,false
5509ad2c-f6bb-496b-b0b1-c14d4ebe1b13,2025-01-13,2025,1,DL,2716,MKE,"Milwaukee, WI",SLC,"Salt Lake City, UT",-3.00,-17.00,false
7999df75-baac-4474-adfa-9623707b8b49,2025-01-14,2025,1,DL,2716,MKE,"Milwaukee, WI",SLC,"Salt Lake City, UT",-10.00,6.00,false
78f50d1e-7005-4a51-aede-1be9916af972,2025-01-15,2025,1,DL,2716,MKE,"Milwaukee, WI",SLC,"Salt Lake City, UT",-8.00,-36.00,false
23a5dbec-cba2-4381-8a8c-e95bfdc838fe,2025-01-16,2025,1,DL,2716,MKE,"Milwaukee, WI",SLC,"Salt Lake City, UT",-3.00,-19.00,false
27390867-cf33-4daf-bf64-c27d4bd50dd2,2025-01-17,2025,1,DL,2716,MKE,"Milwaukee, WI",SLC,"Salt Lake City, UT",6.00,0.00,false
60fe16ec-58be-4386-ac35-22940d9587c3,2025-01-18,2025,1,DL,2716,MKE,"Milwaukee, WI",SLC,"Salt Lake City, UT",-8.00,-20.00,false
928c777b-05f9-43f0-a5ff-80a7fa26d60b,2025-01-19,2025,1,DL,2716,MKE,"Milwaukee, WI",SLC,"Salt Lake City, UT",2.00,-13.00,false
c76ad47f-73c0-435e-a53d-d942034b089c,2025-01-20,2025,1,DL,2716,MKE,"Milwaukee, WI",SLC,"Salt Lake City, UT",100.00,90.00,false
fcd32a91-76c7-473f-882d-f7ddc25ed506,2025-01-21,2025,1,DL,2716,MKE,"Milwaukee, WI",SLC,"Salt Lake City, UT",37.00,16.00,false
be619268-777d-48d4-99f9-1d83c80e13ea,2025-01-22,2025,1,DL,2716,MKE,"Milwaukee, WI",SLC,"Salt Lake City, UT",-1.00,25.00,false
bc5a55c1-fff2-4e73-881f-0042acbcbea4,2025-01-23,2025,1,DL,2716,MKE,"Milwaukee, WI",SLC,"Salt Lake City, UT",-10.00,-22.00,false
27a29f33-f62a-4905-96a2-92a569b1ddb0,2025-01-24,2025,1,DL,2716,MKE,"Milwaukee, WI",SLC,"Salt Lake City, UT",-7.00,-14.00,false
653d32da-6a25-4c2d-b13d-9a32cf880651,2025-01-25,2025,1,DL,2716,MKE,"Milwaukee, WI",SLC,"Salt Lake City, UT",-9.00,-1.00,false
64cd066e-5732-4fc0-bc1a-8f40167eee2c,2025-01-26,2025,1,DL,2716,MKE,"Milwaukee, WI",SLC,"Salt Lake City, UT",-10.00,-31.00,false
e86e56ae-0a66-4d0a-bfe9-ff677a7eabc4,2025-01-27,2025,1,DL,2716,MKE,"Milwaukee, WI",SLC,"Salt Lake City, UT",-6.00,-36.00,false
42b3e1e2-4a2d-488c-b15f-6a5e89f994ad,2025-01-28,2025,1,DL,2716,MKE,"Milwaukee, WI",SLC,"Salt Lake City, UT",-8.00,-31.00,false
3f9274fd-5b2e-4048-a88f-c856457e7421,2025-01-29,2025,1,DL,2716,MKE,"Milwaukee, WI",SLC,"Salt Lake City, UT",-15.00,-37.00,false
0bd98ccc-0999-458f-8355-008dcd9f07ec,2025-01-30,2025,1,DL,2716,MKE,"Milwaukee, WI",SLC,"Salt Lake City, UT",-9.00,-36.00,false
19c176a7-0091-4115-a1fc-486218d2b23c,2025-01-31,2025,1,DL,2716,MKE,"Milwaukee, WI",SLC,"Salt Lake City, UT",-5.00,-15.00,false
29c5108b-2fb2-425c-b6d0-ecb639cf7a9c,2025-01-01,2025,1,DL,2717,SAT,"San Antonio, TX",MSP,"Minneapolis, MN",-3.00,-18.00,false
82427a00-e597-4d67-9ea3-5104dae0cf8a,2025-01-02,2025,1,DL,2717,SAT,"San Antonio, TX",MSP,"Minneapolis, MN",-3.00,-4.00,false
a99c9c2e-f734-42a3-ab40-fafc1c8c48d3,2025-01-03,2025,1,DL,2717,SAT,"San Antonio, TX",MSP,"Minneapolis, MN",-6.00,-4.00,false
26f5865b-0d8e-4ade-ad13-904104d46402,2025-01-04,2025,1,DL,2717,SAT,"San Antonio, TX",MSP,"Minneapolis, MN",-9.00,-9.00,false
5152bb11-361e-43a6-ad1f-163dcca6fead,2025-01-05,2025,1,DL,2717,SAT,"San Antonio, TX",MSP,"Minneapolis, MN",-3.00,-9.00,false
4b2817a4-71ab-4941-a04b-a0a97bbb4cd0,2025-01-06,2025,1,DL,2717,SAT,"San Antonio, TX",MSP,"Minneapolis, MN",-3.00,5.00,false
b85ec17c-c63b-41f7-ae57-8fa6ae64d0f8,2025-01-07,2025,1,DL,2717,SAT,"San Antonio, TX",MSP,"Minneapolis, MN",23.00,0.00,false
ac07c5f1-a017-480c-9916-593528cd1a19,2025-01-08,2025,1,DL,2717,SAT,"San Antonio, TX",MSP,"Minneapolis, MN",-10.00,-26.00,false
2c9b137e-f1c1-478b-acf1-a2d273980f08,2025-01-09,2025,1,DL,2717,SAT,"San Antonio, TX",MSP,"Minneapolis, MN",-14.00,-38.00,false
ce2144ca-a902-43e2-9698-0e625d904b4b,2025-01-10,2025,1,DL,2717,SAT,"San Antonio, TX",MSP,"Minneapolis, MN",17.00,-2.00,false
a9ff25d1-44df-4c19-95bf-7edae36dc5c8,2025-01-11,2025,1,DL,2717,SAT,"San Antonio, TX",MSP,"Minneapolis, MN",7.00,7.00,false
08a0281a-9d4c-4645-97b3-e6ac6cd8189c,2025-01-12,2025,1,DL,2717,SAT,"San Antonio, TX",MSP,"Minneapolis, MN",-4.00,-19.00,false
ef613034-c088-402e-aadc-6cb61a18aaa5,2025-01-13,2025,1,DL,2717,SAT,"San Antonio, TX",MSP,"Minneapolis, MN",-10.00,-43.00,false
bb07ef8e-58dd-49aa-9981-5ee883d6e9c2,2025-01-14,2025,1,DL,2717,SAT,"San Antonio, TX",MSP,"Minneapolis, MN",-15.00,-15.00,false
b7509139-b87c-4967-97af-1dd47d05f430,2025-01-15,2025,1,DL,2717,SAT,"San Antonio, TX",MSP,"Minneapolis, MN",-17.00,-36.00,false
19f24087-71f0-43b0-be54-71372393f148,2025-01-16,2025,1,DL,2717,SAT,"San Antonio, TX",MSP,"Minneapolis, MN",-8.00,-9.00,false
bf5e8e9a-6b2b-4430-b3c5-4761f757ca9d,2025-01-17,2025,1,DL,2717,SAT,"San Antonio, TX",MSP,"Minneapolis, MN",-4.00,-23.00,false
bab487b8-8887-4302-a82c-d8dea754f140,2025-01-18,2025,1,DL,2717,SAT,"San Antonio, TX",MSP,"Minneapolis, MN",-12.00,-39.00,false
482be893-9dea-43b2-a74c-fbe8ea6eb708,2025-01-19,2025,1,DL,2717,SAT,"San Antonio, TX",MSP,"Minneapolis, MN",-11.00,-24.00,false
af318b3a-9e51-4fa1-9059-bc6e5b603cd2,2025-01-20,2025,1,DL,2717,SAT,"San Antonio, TX",MSP,"Minneapolis, MN",-9.00,-12.00,false
9e73d0f5-fda0-4346-9399-1e962795930d,2025-01-21,2025,1,DL,2717,SAT,"San Antonio, TX",MSP,"Minneapolis, MN",,,true
b7ae8d3a-0fbf-4375-9db8-ef91ab669fee,2025-01-22,2025,1,DL,2717,SAT,"San Antonio, TX",MSP,"Minneapolis, MN",-9.00,-2.00,false
44f7cfdb-3583-4023-ad9a-4f2c4c13f6bf,2025-01-23,2025,1,DL,2717,SAT,"San Antonio, TX",MSP,"Minneapolis, MN",17.00,5.00,false
49158efe-9073-46f1-af2f-3ce2250e4b53,2025-01-24,2025,1,DL,2717,SAT,"San Antonio, TX",MSP,"Minneapolis, MN",-6.00,-1.00,false
9cd32685-76f0-44c9-91ac-23080591b463,2025-01-25,2025,1,DL,2717,SAT,"San Antonio, TX",MSP,"Minneapolis, MN",-4.00,-1.00,false
abf585e0-47c9-4f70-80c6-50805d6950c8,2025-01-26,2025,1,DL,2717,SAT,"San Antonio, TX",MSP,"Minneapolis, MN",3.00,-14.00,false
76b10fc0-2f6f-4eae-80b8-7af36089800a,2025-01-27,2025,1,DL,2717,SAT,"San Antonio, TX",MSP,"Minneapolis, MN",-13.00,-27.00,false
d493b649-b1de-4383-a555-4ce6b3b71fba,2025-01-28,2025,1,DL,2717,SAT,"San Antonio, TX",MSP,"Minneapolis, MN",-8.00,-19.00,false
76b8e48c-d4be-4e64-87d0-9a1a95706d74,2025-01-29,2025,1,DL,2717,SAT,"San Antonio, TX",MSP,"Minneapolis, MN",-7.00,-23.00,false
2272171c-69ef-4079-b3ad-2b3cab8ce7f7,2025-01-30,2025,1,DL,2717,SAT,"San Antonio, TX",MSP,"Minneapolis, MN",-6.00,-16.00,false
6d041d17-7bfa-4e9d-b019-3ab8d72004af,2025-01-31,2025,1,DL,2717,SAT,"San Antonio, TX",MSP,"Minneapolis, MN",-15.00,-26.00,false
b8b7f11e-7352-47d4-b8b5-593d80abd8be,2025-01-02,2025,1,DL,2719,MSP,"Minneapolis, MN",LGA,"New York, NY",-1.00,-16.00,false
18e7e78d-0e93-461c-8e76-d191ec0ec8b3,2025-01-03,2025,1,DL,2719,MSP,"Minneapolis, MN",LGA,"New York, NY",-1.00,-8.00,false
a0e480ee-5b53-4fe1-9d9f-c8b818d1f1ba,2025-01-04,2025,1,DL,2719,MSP,"Minneapolis, MN",LGA,"New York, NY",7.00,-11.00,false
7dce5202-fb52-4f21-b44d-1737abc4533d,2025-01-05,2025,1,DL,2719,MSP,"Minneapolis, MN",LGA,"New York, NY",-2.00,-26.00,false
7190695c-44bf-4ec1-b9e6-1aefba675312,2025-01-06,2025,1,DL,2719,MSP,"Minneapolis, MN",LGA,"New York, NY",-3.00,-31.00,false
e95fe28a-97c2-4b3f-b1c0-2565d252cf53,2025-01-07,2025,1,DL,2719,MSP,"Minneapolis, MN",LGA,"New York, NY",28.00,26.00,false
b1761e67-699e-4a08-9f9f-0d7350e2fcac,2025-01-08,2025,1,DL,2719,MSP,"Minneapolis, MN",LGA,"New York, NY",-10.00,-31.00,false
25a20932-ffa3-4973-954e-1d0343a3c8f6,2025-01-09,2025,1,DL,2719,MSP,"Minneapolis, MN",LGA,"New York, NY",30.00,23.00,false
d496d9fb-08c5-42eb-ad78-716ce7581996,2025-01-10,2025,1,DL,2719,MSP,"Minneapolis, MN",LGA,"New York, NY",4.00,-5.00,false
bd8e58a0-51d9-4e23-ba4a-be4378c10f1d,2025-01-12,2025,1,DL,2719,MSP,"Minneapolis, MN",LGA,"New York, NY",-4.00,-6.00,false
b2ae26b3-e0e0-4e9e-ac95-eb656f256fad,2025-01-13,2025,1,DL,2719,MSP,"Minneapolis, MN",LGA,"New York, NY",4.00,-19.00,false
932d2484-3e7d-4704-9f08-75b39713b479,2025-01-14,2025,1,DL,2719,MSP,"Minneapolis, MN",LGA,"New York, NY",38.00,11.00,false
cff8f290-6934-4b79-a807-850292ee05d6,2025-01-15,2025,1,DL,2719,MSP,"Minneapolis, MN",LGA,"New York, NY",-6.00,-5.00,false
4343904b-d742-4f1c-94cb-9cc20377476f,2025-01-16,2025,1,DL,2719,MSP,"Minneapolis, MN",LGA,"New York, NY",0.00,-25.00,false
241e0390-9c67-4c7b-932e-539dbc8479a0,2025-01-17,2025,1,DL,2719,MSP,"Minneapolis, MN",LGA,"New York, NY",-3.00,-34.00,false
f78b97ac-78c9-4c48-9b74-7118e304cf7e,2025-01-20,2025,1,DL,2719,MSP,"Minneapolis, MN",LGA,"New York, NY",9.00,5.00,false
e78365ff-c22d-4277-8ff7-edc21461d088,2025-01-21,2025,1,DL,2719,MSP,"Minneapolis, MN",LGA,"New York, NY",-2.00,-6.00,false
33983cd4-1da7-4a43-931b-8cc1e68d50c7,2025-01-22,2025,1,DL,2719,MSP,"Minneapolis, MN",LGA,"New York, NY",-9.00,-33.00,false
fd813316-a767-433a-aa61-63ca79f4b4e7,2025-01-23,2025,1,DL,2719,MSP,"Minneapolis, MN",LGA,"New York, NY",1.00,-5.00,false
3cef071e-4162-4e0e-a4cf-727923d7b5fa,2025-01-24,2025,1,DL,2719,MSP,"Minneapolis, MN",LGA,"New York, NY",0.00,-19.00,false
f78fa1c0-adc6-4d16-8f67-52df77c03893,2025-01-26,2025,1,DL,2719,MSP,"Minneapolis, MN",LGA,"New York, NY",-3.00,-21.00,false
9cbc3fe9-457b-4c59-b436-0ba2a03e9369,2025-01-27,2025,1,DL,2719,MSP,"Minneapolis, MN",LGA,"New York, NY",-6.00,0.00,false
a1b7b473-bde3-4230-a430-3b626cb0ec59,2025-01-28,2025,1,DL,2719,MSP,"Minneapolis, MN",LGA,"New York, NY",-9.00,-13.00,false
9e426557-f001-4cd9-b59d-d9c841495f53,2025-01-29,2025,1,DL,2719,MSP,"Minneapolis, MN",LGA,"New York, NY",-13.00,-40.00,false
97c4f3e0-9166-4217-ad17-d6357a9d3041,2025-01-30,2025,1,DL,2719,MSP,"Minneapolis, MN",LGA,"New York, NY",-6.00,-30.00,false
96b13f4b-e8ba-49cd-a3dc-4c33eb5cbb73,2025-01-31,2025,1,DL,2719,MSP,"Minneapolis, MN",LGA,"New York, NY",-1.00,-10.00,false
2bf3af8a-7df5-4692-8ae4-90233dbf79df,2025-01-01,2025,1,DL,2720,ATL,"Atlanta, GA",JAX,"Jacksonville, FL",-3.00,-8.00,false
c49b8b46-1b8a-47f5-99a8-224e49c73243,2025-01-01,2025,1,DL,2720,JAX,"Jacksonville, FL",ATL,"Atlanta, GA",-6.00,-11.00,false
97baeacd-b591-4917-80fb-efae04385f71,2025-01-02,2025,1,DL,2720,ATL,"Atlanta, GA",JAX,"Jacksonville, FL",-5.00,-2.00,false
95dbb021-2309-49a9-8895-d7171332f43b,2025-01-02,2025,1,DL,2720,JAX,"Jacksonville, FL",ATL,"Atlanta, GA",1.00,-10.00,false
28c88674-ec78-4680-a4ac-52cf58ed1ce5,2025-01-03,2025,1,DL,2720,ATL,"Atlanta, GA",JAX,"Jacksonville, FL",13.00,4.00,false
06624401-eb08-46ea-8340-61baea479e4f,2025-01-03,2025,1,DL,2720,JAX,"Jacksonville, FL",ATL,"Atlanta, GA",11.00,19.00,false
8b07feb7-639f-472e-aac0-1cb42adca3f5,2025-01-04,2025,1,DL,2720,ATL,"Atlanta, GA",JAX,"Jacksonville, FL",-3.00,-4.00,false
afdd7045-22e7-491a-a477-a35e820b4fd3,2025-01-04,2025,1,DL,2720,JAX,"Jacksonville, FL",ATL,"Atlanta, GA",-3.00,5.00,false
327e1466-515f-42dc-9125-6faf51d93e9f,2025-01-05,2025,1,DL,2720,ATL,"Atlanta, GA",JAX,"Jacksonville, FL",-3.00,-12.00,false
e2118789-f62c-4001-a125-0ce287c966ad,2025-01-05,2025,1,DL,2720,JAX,"Jacksonville, FL",ATL,"Atlanta, GA",-2.00,-2.00,false
b42d1498-2a29-49f5-9249-2af4972cdebe,2025-01-06,2025,1,DL,2720,ATL,"Atlanta, GA",JAX,"Jacksonville, FL",-2.00,-5.00,false
962b2fec-8d09-4a25-9ab3-631fa61823cc,2025-01-06,2025,1,DL,2720,JAX,"Jacksonville, FL",ATL,"Atlanta, GA",-5.00,3.00,false
3de67ca7-3c88-43aa-bb65-5c9bb74e2e97,2025-01-07,2025,1,DL,2720,ATL,"Atlanta, GA",JAX,"Jacksonville, FL",26.00,22.00,false
b23590fd-2151-430b-aed9-1313fd118a88,2025-01-07,2025,1,DL,2720,JAX,"Jacksonville, FL",ATL,"Atlanta, GA",18.00,-1.00,false
a53348bd-8cb5-4ab4-8667-4ce25a404224,2025-01-08,2025,1,DL,2720,ATL,"Atlanta, GA",JAX,"Jacksonville, FL",18.00,16.00,false
6302b838-6e83-4e3f-832a-c390c63a1647,2025-01-08,2025,1,DL,2720,JAX,"Jacksonville, FL",ATL,"Atlanta, GA",7.00,6.00,false
2b1d19be-f085-4f65-a49f-36ee56876bc8,2025-01-09,2025,1,DL,2720,ATL,"Atlanta, GA",JAX,"Jacksonville, FL",3.00,-3.00,false
2ef3ced2-2950-4190-95fd-6eb7693b704f,2025-01-09,2025,1,DL,2720,JAX,"Jacksonville, FL",ATL,"Atlanta, GA",3.00,-5.00,false
9cefe280-990d-436e-a011-9b67dd98c0b7,2025-01-10,2025,1,DL,2720,ATL,"Atlanta, GA",JAX,"Jacksonville, FL",,,true
c6a03e2d-6021-4672-9ec1-15b5e2668138,2025-01-10,2025,1,DL,2720,JAX,"Jacksonville, FL",ATL,"Atlanta, GA",,,true
da32961f-cd1a-4cab-8256-ee078002ccee,2025-01-11,2025,1,DL,2720,ATL,"Atlanta, GA",JAX,"Jacksonville, FL",35.00,52.00,false
2eb782f5-05cb-49b0-9a5b-84104432bc04,2025-01-11,2025,1,DL,2720,JAX,"Jacksonville, FL",ATL,"Atlanta, GA",67.00,63.00,false
efb2aa8f-9d25-408a-9d20-0ef2c7efd01e,2025-01-12,2025,1,DL,2720,ATL,"Atlanta, GA",JAX,"Jacksonville, FL",-2.00,-13.00,false
0a0a02f7-7350-4bed-85e9-8fef5fbeae36,2025-01-12,2025,1,DL,2720,JAX,"Jacksonville, FL",ATL,"Atlanta, GA",-2.00,-17.00,false
d799724b-bb47-40bb-8a03-dc20416f11cd,2025-01-13,2025,1,DL,2720,ATL,"Atlanta, GA",JAX,"Jacksonville, FL",16.00,14.00,false
f8306496-929c-4390-a715-27390ade1c59,2025-01-13,2025,1,DL,2720,JAX,"Jacksonville, FL",ATL,"Atlanta, GA",8.00,-10.00,false
49214980-003b-4dd9-a97a-a423adb57143,2025-01-14,2025,1,DL,2720,ATL,"Atlanta, GA",JAX,"Jacksonville, FL",-3.00,-9.00,false
c4663f2a-a77d-4403-a77f-2aaba4d16c6e,2025-01-14,2025,1,DL,2720,JAX,"Jacksonville, FL",ATL,"Atlanta, GA",-7.00,-19.00,false
8a2924ee-988e-43ad-8907-3da96f43ca13,2025-01-15,2025,1,DL,2720,ATL,"Atlanta, GA",JAX,"Jacksonville, FL",-3.00,-13.00,false
72bdfa68-4eb0-4c92-b169-dbc2664316df,2025-01-15,2025,1,DL,2720,JAX,"Jacksonville, FL",ATL,"Atlanta, GA",-8.00,17.00,false
ecb15493-ad1f-4fbb-98e5-6817e2cf309e,2025-01-16,2025,1,DL,2720,ATL,"Atlanta, GA",JAX,"Jacksonville, FL",1.00,-5.00,false
a33a8500-b675-4c82-b27d-249a91739034,2025-01-16,2025,1,DL,2720,JAX,"Jacksonville, FL",ATL,"Atlanta, GA",-4.00,-23.00,false
c22fdbcd-57de-4c84-ba5d-0d5b8a5d7b51,2025-01-17,2025,1,DL,2720,ATL,"Atlanta, GA",JAX,"Jacksonville, FL",-5.00,-11.00,false
b601fcf6-0b2a-4ebf-9566-a8cff27cfac1,2025-01-17,2025,1,DL,2720,JAX,"Jacksonville, FL",ATL,"Atlanta, GA",-4.00,-9.00,false
55e7a8af-2838-4ec0-a256-e233aa611ae7,2025-01-18,2025,1,DL,2720,ATL,"Atlanta, GA",JAX,"Jacksonville, FL",-5.00,-6.00,false
cc01fca0-da53-440c-877c-5737fc159ed0,2025-01-18,2025,1,DL,2720,JAX,"Jacksonville, FL",ATL,"Atlanta, GA",-5.00,-14.00,false
13ecd1b3-0283-4302-8e86-8d35c5153dcf,2025-01-19,2025,1,DL,2720,ATL,"Atlanta, GA",JAX,"Jacksonville, FL",42.00,38.00,false
58849585-6161-4d2f-92d1-299c4c46e465,2025-01-19,2025,1,DL,2720,JAX,"Jacksonville, FL",ATL,"Atlanta, GA",34.00,35.00,false
a2c28d7d-e14c-418c-b9d2-608987f1f463,2025-01-20,2025,1,DL,2720,ATL,"Atlanta, GA",JAX,"Jacksonville, FL",-6.00,-15.00,false
67c560e2-8b36-48c3-94cf-c51f5d2bbcbf,2025-01-20,2025,1,DL,2720,JAX,"Jacksonville, FL",ATL,"Atlanta, GA",-2.00,-8.00,false
a48bf55d-dda7-4617-9c2f-8aed397c3ea0,2025-01-21,2025,1,DL,2720,ATL,"Atlanta, GA",JAX,"Jacksonville, FL",0.00,55.00,false
2b2b37b4-e329-48ce-8c2f-030b5881e527,2025-01-21,2025,1,DL,2720,JAX,"Jacksonville, FL",ATL,"Atlanta, GA",99.00,106.00,false
9db6eed3-65d5-4bd8-bb98-6a6298a64dbe,2025-01-22,2025,1,DL,2720,ATL,"Atlanta, GA",JAX,"Jacksonville, FL",88.00,76.00,false
38740398-54ed-4c38-bf2c-d50f35576669,2025-01-22,2025,1,DL,2720,JAX,"Jacksonville, FL",ATL,"Atlanta, GA",93.00,84.00,false
0938e9de-08a3-41dd-b594-2ce29d19f4ad,2025-01-23,2025,1,DL,2720,ATL,"Atlanta, GA",JAX,"Jacksonville, FL",-5.00,-2.00,false
864d7dc9-9e7c-450f-a4ff-c6e564c57070,2025-01-23,2025,1,DL,2720,JAX,"Jacksonville, FL",ATL,"Atlanta, GA",0.00,0.00,false
75d3ced5-abe3-4568-93a1-67890741ada1,2025-01-24,2025,1,DL,2720,ATL,"Atlanta, GA",JAX,"Jacksonville, FL",87.00,81.00,false
16546ff2-7250-43c5-bcad-fb38c2db7a68,2025-01-24,2025,1,DL,2720,JAX,"Jacksonville, FL",ATL,"Atlanta, GA",66.00,52.00,false
4102ae57-53e0-49d9-a491-2776450f8baa,2025-01-25,2025,1,DL,2720,ATL,"Atlanta, GA",JAX,"Jacksonville, FL",6.00,0.00,false
39e1ab4b-76e1-4f2b-a683-a9457f416767,2025-01-25,2025,1,DL,2720,JAX,"Jacksonville, FL",ATL,"Atlanta, GA",-4.00,-25.00,false
bc2b21d2-6dec-448c-ad02-1142ff76b186,2025-01-26,2025,1,DL,2720,ATL,"Atlanta, GA",JAX,"Jacksonville, FL",-5.00,-11.00,false
2472f260-1fd7-4309-945b-ed32c544ac55,2025-01-26,2025,1,DL,2720,JAX,"Jacksonville, FL",ATL,"Atlanta, GA",-3.00,-20.00,false
b1acdf69-06dd-4e76-9f12-6c22b2b64d2a,2025-01-27,2025,1,DL,2720,ATL,"Atlanta, GA",JAX,"Jacksonville, FL",26.00,24.00,false
4b6bdcb8-2f89-4caf-bf48-76b00b7a1e8e,2025-01-27,2025,1,DL,2720,JAX,"Jacksonville, FL",ATL,"Atlanta, GA",21.00,10.00,false
53c0acfc-f154-4af3-b892-cf6bb871bb4d,2025-01-28,2025,1,DL,2720,ATL,"Atlanta, GA",JAX,"Jacksonville, FL",10.00,6.00,false
5c63c641-870a-4dab-822b-64f6bd1c30ae,2025-01-28,2025,1,DL,2720,JAX,"Jacksonville, FL",ATL,"Atlanta, GA",7.00,-16.00,false
41c78140-9e5e-456a-ad7c-5700b6bbe5c7,2025-01-29,2025,1,DL,2720,ATL,"Atlanta, GA",JAX,"Jacksonville, FL",-2.00,0.00,false
2e9115ca-debb-4c22-bf11-3c01fc9059c7,2025-01-29,2025,1,DL,2720,JAX,"Jacksonville, FL",ATL,"Atlanta, GA",-9.00,-26.00,false
1afcf28a-5e6f-4730-ba19-3b04780416c1,2025-01-30,2025,1,DL,2720,ATL,"Atlanta, GA",JAX,"Jacksonville, FL",-1.00,-5.00,false
dd204865-3ea6-43d6-b5ac-01bff6be7af0,2025-01-30,2025,1,DL,2720,JAX,"Jacksonville, FL",ATL,"Atlanta, GA",-9.00,-24.00,false
2469657d-3a2b-40e0-8dc7-880c768a4c86,2025-01-31,2025,1,DL,2720,ATL,"Atlanta, GA",JAX,"Jacksonville, FL",-2.00,-1.00,false
26b789c5-c638-4b93-b524-ef3be9919710,2025-01-31,2025,1,DL,2720,JAX,"Jacksonville, FL",ATL,"Atlanta, GA",-5.00,-8.00,false
d279a6a3-df8a-40e4-975f-7f1dac48f54e,2025-01-01,2025,1,DL,2721,BNA,"Nashville, TN",DTW,"Detroit, MI",-9.00,-6.00,false
5dee9ef6-6757-4a3d-a54a-f48310aaec6d,2025-01-02,2025,1,DL,2721,BNA,"Nashville, TN",DTW,"Detroit, MI",153.00,151.00,false
275365cb-4a50-47f6-b8d9-87365ebec5fa,2025-01-03,2025,1,DL,2721,BNA,"Nashville, TN",DTW,"Detroit, MI",-13.00,-3.00,false
e216bb51-1a4a-4d88-b3a2-0b874bb1cd9b,2025-01-04,2025,1,DL,2721,BNA,"Nashville, TN",DTW,"Detroit, MI",115.00,111.00,false
0d588836-18f9-4ef4-9d12-478ea22f856b,2025-01-05,2025,1,DL,2721,BNA,"Nashville, TN",DTW,"Detroit, MI",17.00,2.00,false
2cb1d19f-5123-4cbf-9600-3963a5a84380,2025-01-01,2025,1,DL,2722,JAX,"Jacksonville, FL",ATL,"Atlanta, GA",-2.00,-14.00,false
6b6800fd-d277-4065-9351-6f981d001e2a,2025-01-02,2025,1,DL,2722,JAX,"Jacksonville, FL",ATL,"Atlanta, GA",12.00,4.00,false
698c0272-a498-4024-9e28-a6af5acbd73c,2025-01-03,2025,1,DL,2722,JAX,"Jacksonville, FL",ATL,"Atlanta, GA",-4.00,5.00,false
4a081e19-51af-42d9-993f-1351e7217a08,2025-01-04,2025,1,DL,2722,JAX,"Jacksonville, FL",ATL,"Atlanta, GA",-1.00,-9.00,false
5fa9ef3c-8d23-49bd-a78f-b8d1fe9d2b43,2025-01-05,2025,1,DL,2722,JAX,"Jacksonville, FL",ATL,"Atlanta, GA",1.00,23.00,false
9de3f092-1462-4345-bc90-889615e47764,2025-01-06,2025,1,DL,2722,JAX,"Jacksonville, FL",ATL,"Atlanta, GA",-5.00,-14.00,false
13422b37-f434-45a2-8ded-ab681eb29938,2025-01-07,2025,1,DL,2722,JAX,"Jacksonville, FL",ATL,"Atlanta, GA",14.00,6.00,false
9f19e1c9-01ea-4325-b6da-f8db5405c385,2025-01-08,2025,1,DL,2722,JAX,"Jacksonville, FL",ATL,"Atlanta, GA",-10.00,4.00,false
3ca1a77e-130d-41be-b0bd-90c724b2a0f3,2025-01-09,2025,1,DL,2722,JAX,"Jacksonville, FL",ATL,"Atlanta, GA",-2.00,7.00,false
2dd1e176-7991-4ab7-bb6f-9a003c06fa18,2025-01-10,2025,1,DL,2722,JAX,"Jacksonville, FL",ATL,"Atlanta, GA",-3.00,-9.00,false
b2b322e8-50a4-406f-811d-f46e27eafcb5,2025-01-12,2025,1,DL,2722,JAX,"Jacksonville, FL",ATL,"Atlanta, GA",-1.00,6.00,false
5bf39eb7-187b-442c-8f18-824156f06ecf,2025-01-13,2025,1,DL,2722,JAX,"Jacksonville, FL",ATL,"Atlanta, GA",186.00,207.00,false
496d5805-5624-4071-b63d-28361373893b,2025-01-14,2025,1,DL,2722,JAX,"Jacksonville, FL",ATL,"Atlanta, GA",-3.00,35.00,false
2fe33dc4-26a4-4c53-bb0e-6577b80d2233,2025-01-15,2025,1,DL,2722,JAX,"Jacksonville, FL",ATL,"Atlanta, GA",-10.00,-20.00,false
6858e2f3-06d3-4a7d-91bf-ac7297aecab7,2025-01-16,2025,1,DL,2722,JAX,"Jacksonville, FL",ATL,"Atlanta, GA",2.00,-4.00,false
94c95961-9e5b-4c22-a95a-7625d11ef7b5,2025-01-17,2025,1,DL,2722,JAX,"Jacksonville, FL",ATL,"Atlanta, GA",-1.00,-11.00,false
de42e1de-ba10-4a82-86dd-89e0d7a0f94b,2025-01-20,2025,1,DL,2722,JAX,"Jacksonville, FL",ATL,"Atlanta, GA",-1.00,-3.00,false
22b17e30-7de7-490f-bd30-ae0bac123b8c,2025-01-21,2025,1,DL,2722,JAX,"Jacksonville, FL",ATL,"Atlanta, GA",6.00,1.00,false
c06fd539-dbb6-47a0-89db-57a6cc4d4c92,2025-01-22,2025,1,DL,2722,JAX,"Jacksonville, FL",ATL,"Atlanta, GA",,,true
5ee80cce-f52b-49c0-8ef1-87e3e8aecdc9,2025-01-23,2025,1,DL,2722,JAX,"Jacksonville, FL",ATL,"Atlanta, GA",0.00,-9.00,false
cf562de4-5fac-49db-91d3-449090f54a2f,2025-01-24,2025,1,DL,2722,JAX,"Jacksonville, FL",ATL,"Atlanta, GA",-4.00,3.00,false
684e5a82-d974-4e9d-8680-96f3c179b78e,2025-01-26,2025,1,DL,2722,JAX,"Jacksonville, FL",ATL,"Atlanta, GA",-8.00,2.00,false
aa4b1af6-e7da-43d7-b92e-79526a069b3e,2025-01-27,2025,1,DL,2722,JAX,"Jacksonville, FL",ATL,"Atlanta, GA",-5.00,-11.00,false
df62df61-83c4-46be-99d4-d270d5053212,2025-01-28,2025,1,DL,2722,JAX,"Jacksonville, FL",ATL,"Atlanta, GA",-14.00,-23.00,false
7fe56340-763a-4601-8c56-4363cf99721e,2025-01-29,2025,1,DL,2722,JAX,"Jacksonville, FL",ATL,"Atlanta, GA",-7.00,-11.00,false
3b81a2e7-0602-4372-9402-2871b59dd1dc,2025-01-30,2025,1,DL,2722,JAX,"Jacksonville, FL",ATL,"Atlanta, GA",7.00,3.00,false
3b31c2b4-9f94-463d-a8f4-5b61858c564e,2025-01-31,2025,1,DL,2722,JAX,"Jacksonville, FL",ATL,"Atlanta, GA",-7.00,-21.00,false
13e46fd2-2e5d-4b3e-b9f5-e0c3bb2c8171,2025-01-01,2025,1,DL,2723,TPA,"Tampa, FL",LGA,"New York, NY",19.00,-1.00,false
82617d4b-ef4b-452e-91f7-254830d60e4f,2025-01-02,2025,1,DL,2723,TPA,"Tampa, FL",LGA,"New York, NY",-1.00,-25.00,false
d1c42201-3081-4099-a7b2-e04f520d8fe3,2025-01-03,2025,1,DL,2723,TPA,"Tampa, FL",LGA,"New York, NY",7.00,-16.00,false
05b5344b-209c-475d-a6c9-5ef3160e5d69,2025-01-04,2025,1,DL,2723,TPA,"Tampa, FL",LGA,"New York, NY",18.00,8.00,false
6939971f-fdb6-4812-97a6-2919cf7f7962,2025-01-05,2025,1,DL,2723,TPA,"Tampa, FL",LGA,"New York, NY",1.00,-15.00,false
82fbf3e6-7afe-41d5-9917-c58830adf708,2025-01-06,2025,1,DL,2723,TPA,"Tampa, FL",LGA,"New York, NY",12.00,-14.00,false
8ce1dc91-95ac-417e-b138-1bb0ee899b18,2025-01-07,2025,1,DL,2723,TPA,"Tampa, FL",LGA,"New York, NY",13.00,14.00,false
1b50c034-e362-4b46-891d-8fa8886f286d,2025-01-08,2025,1,DL,2723,TPA,"Tampa, FL",LGA,"New York, NY",-8.00,-21.00,false
eb75fa31-c498-4896-9d92-ff0cd5923523,2025-01-09,2025,1,DL,2723,TPA,"Tampa, FL",LGA,"New York, NY",-10.00,0.00,false
202a572f-df29-438d-963b-4571be153b5b,2025-01-10,2025,1,DL,2723,TPA,"Tampa, FL",LGA,"New York, NY",0.00,-18.00,false
3eb053d6-4dae-43b9-8c46-eb7722327ee9,2025-01-11,2025,1,DL,2723,TPA,"Tampa, FL",LGA,"New York, NY",-9.00,-36.00,false
43021381-13b8-493d-ae1e-56290d0a90e7,2025-01-12,2025,1,DL,2723,TPA,"Tampa, FL",LGA,"New York, NY",58.00,45.00,false
ce5c6c0a-a9bb-4b65-a4ed-6f6958283a3e,2025-01-13,2025,1,DL,2723,TPA,"Tampa, FL",LGA,"New York, NY",-2.00,-21.00,false
fa946fe5-bbbd-4fc4-8483-e96385cf860f,2025-01-14,2025,1,DL,2723,TPA,"Tampa, FL",LGA,"New York, NY",-13.00,-20.00,false
f980fbdc-1677-47d3-86c0-5e11c8c9f26c,2025-01-15,2025,1,DL,2723,TPA,"Tampa, FL",LGA,"New York, NY",-10.00,-19.00,false
f2a1866c-b5db-4266-9ebb-633a606641e1,2025-01-16,2025,1,DL,2723,TPA,"Tampa, FL",LGA,"New York, NY",-15.00,-34.00,false
63023685-6812-4b6d-9086-156b34ad470b,2025-01-17,2025,1,DL,2723,TPA,"Tampa, FL",LGA,"New York, NY",-3.00,-10.00,false
62721bd3-105b-41c6-8b4d-29e9383d3c6d,2025-01-18,2025,1,DL,2723,TPA,"Tampa, FL",LGA,"New York, NY",19.00,5.00,false
b6aa00c2-30d5-4654-884f-b8a14b301b71,2025-01-19,2025,1,DL,2723,TPA,"Tampa, FL",LGA,"New York, NY",18.00,32.00,false
5bc0fe77-2dfa-455d-a877-78ec389e81e4,2025-01-20,2025,1,DL,2723,TPA,"Tampa, FL",LGA,"New York, NY",,,true
a2af85cc-eabd-455b-9047-e32e5b3bf465,2025-01-21,2025,1,DL,2723,TPA,"Tampa, FL",LGA,"New York, NY",-1.00,-20.00,false
605f9410-849e-4bd4-8100-8a604292ffc0,2025-01-22,2025,1,DL,2723,TPA,"Tampa, FL",LGA,"New York, NY",-2.00,-22.00,false
8159b676-696e-41ca-90a8-3336ca50046c,2025-01-23,2025,1,DL,2723,TPA,"Tampa, FL",LGA,"New York, NY",-10.00,-29.00,false
ae720eb3-c22b-4074-8f87-185d25892763,2025-01-24,2025,1,DL,2723,TPA,"Tampa, FL",LGA,"New York, NY",-7.00,-29.00,false
76533e89-c268-4bb2-88c5-8657ca5e933d,2025-01-25,2025,1,DL,2723,TPA,"Tampa, FL",LGA,"New York, NY",-7.00,-27.00,false
87b29f93-d113-403e-a750-522025962ed8,2025-01-26,2025,1,DL,2723,TPA,"Tampa, FL",LGA,"New York, NY",0.00,-13.00,false
f07c5e4c-73d0-457e-ab74-cf71bae36ea7,2025-01-27,2025,1,DL,2723,TPA,"Tampa, FL",LGA,"New York, NY",-3.00,-12.00,false
c7985663-0fdf-4db9-bf0a-6c5875163070,2025-01-28,2025,1,DL,2723,TPA,"Tampa, FL",LGA,"New York, NY",-8.00,-16.00,false
060f4a0f-87a6-48c9-816c-87c9eeeb2908,2025-01-29,2025,1,DL,2723,TPA,"Tampa, FL",LGA,"New York, NY",-10.00,-6.00,false
f4e2423d-d4ed-4ce4-a87a-4d222338a870,2025-01-30,2025,1,DL,2723,TPA,"Tampa, FL",LGA,"New York, NY",-1.00,-11.00,false
853a7b75-d15b-4975-80a4-ab3d1b4d6646,2025-01-31,2025,1,DL,2723,TPA,"Tampa, FL",LGA,"New York, NY",-4.00,-10.00,false
254db489-d576-450c-9d3d-4799faf92c46,2025-01-02,2025,1,DL,2725,FLL,"Fort Lauderdale, FL",LGA,"New York, NY",56.00,40.00,false
ba877822-e83c-483c-8a0d-0708c3e24181,2025-01-03,2025,1,DL,2725,FLL,"Fort Lauderdale, FL",LGA,"New York, NY",38.00,29.00,false
46050f1f-07f3-4e09-a34a-edb9e7440682,2025-01-04,2025,1,DL,2725,FLL,"Fort Lauderdale, FL",LGA,"New York, NY",33.00,28.00,false
1d3473cb-431e-420a-8120-0e92589fabf0,2025-01-05,2025,1,DL,2725,FLL,"Fort Lauderdale, FL",LGA,"New York, NY",29.00,18.00,false
29698a86-d1b9-4af1-a367-99fc7187bbf2,2025-01-02,2025,1,DL,2726,BZN,"Bozeman, MT",JFK,"New York, NY",-3.00,-28.00,false
0cfc3503-da9d-4efc-9c17-dbeafa407204,2025-01-03,2025,1,DL,2726,BZN,"Bozeman, MT",JFK,"New York, NY",159.00,118.00,false
cfb1d4cf-6f81-4bcf-bb0f-973ed5b91130,2025-01-04,2025,1,DL,2726,BZN,"Bozeman, MT",JFK,"New York, NY",103.00,97.00,false
ace3a4ce-df7c-4150-ae17-6c72f0a2a2ca,2025-01-05,2025,1,DL,2726,BZN,"Bozeman, MT",JFK,"New York, NY",-1.00,-24.00,false
8e789c37-a82c-4eed-9859-4ac1388c7f7b,2025-01-01,2025,1,DL,2727,DFW,"Dallas/Fort Worth, TX",SLC,"Salt Lake City, UT",-5.00,3.00,false
97ff25a6-f741-45c5-8c40-03c78ffb6a76,2025-01-02,2025,1,DL,2727,DFW,"Dallas/Fort Worth, TX",SLC,"Salt Lake City, UT",44.00,48.00,false
147e8634-24b6-483b-81f0-2c7fb0cfdb9d,2025-01-03,2025,1,DL,2727,DFW,"Dallas/Fort Worth, TX",SLC,"Salt Lake City, UT",-9.00,-15.00,false
12508ccb-3bdd-4c1d-ab47-1448829874db,2025-01-05,2025,1,DL,2727,DFW,"Dallas/Fort Worth, TX",SLC,"Salt Lake City, UT",138.00,155.00,false
ba1411c4-1217-4f16-844d-090829cd8479,2025-01-01,2025,1,DL,2728,SLC,"Salt Lake City, UT",AUS,"Austin, TX",-6.00,-26.00,false
87088638-f536-420a-922f-84e350608b69,2025-01-02,2025,1,DL,2728,SLC,"Salt Lake City, UT",AUS,"Austin, TX",-7.00,-32.00,false
d00fe804-31f0-4763-a5db-583906ef3323,2025-01-03,2025,1,DL,2728,SLC,"Salt Lake City, UT",AUS,"Austin, TX",-1.00,-3.00,false
ce0256df-3af0-41c7-9c63-b430a794fb24,2025-01-04,2025,1,DL,2728,SLC,"Salt Lake City, UT",AUS,"Austin, TX",36.00,23.00,false
ca5845e4-fdd7-4a4a-a0d6-2d3bed1ba150,2025-01-05,2025,1,DL,2728,SLC,"Salt Lake City, UT",AUS,"Austin, TX",-6.00,-32.00,false
f109fbe2-ba39-4d8c-b120-615548138472,2025-01-06,2025,1,DL,2728,SLC,"Salt Lake City, UT",AUS,"Austin, TX",2.00,-17.00,false
6a6d9bd3-c2bf-49da-8891-24a5a96bcd68,2025-01-07,2025,1,DL,2728,SLC,"Salt Lake City, UT",AUS,"Austin, TX",-5.00,-11.00,false
80e7a548-c840-4159-ade0-598b8deb6814,2025-01-08,2025,1,DL,2728,SLC,"Salt Lake City, UT",AUS,"Austin, TX",-10.00,-29.00,false
ff7ebe6a-2936-497f-b939-2def85a0860a,2025-01-09,2025,1,DL,2728,SLC,"Salt Lake City, UT",AUS,"Austin, TX",-11.00,-18.00,false
cb306dba-ce04-4049-acda-8db171afbe6a,2025-01-10,2025,1,DL,2728,SLC,"Salt Lake City, UT",AUS,"Austin, TX",183.00,158.00,false
c34fd131-632c-4cb8-8dff-5f4e4eb164df,2025-01-11,2025,1,DL,2728,SLC,"Salt Lake City, UT",AUS,"Austin, TX",,,true
be81efac-cc3a-4787-8657-283aa66a42e9,2025-01-12,2025,1,DL,2728,SLC,"Salt Lake City, UT",AUS,"Austin, TX",41.00,20.00,false
86a26366-36f0-4d5d-bfcd-942d02fc560d,2025-01-13,2025,1,DL,2728,SLC,"Salt Lake City, UT",AUS,"Austin, TX",148.00,132.00,false
470d802b-c557-4dfb-b04a-b08e2488215f,2025-01-14,2025,1,DL,2728,SLC,"Salt Lake City, UT",AUS,"Austin, TX",-8.00,-20.00,false
0d3d415d-29a4-47d2-b4ca-825c1bc97bc7,2025-01-15,2025,1,DL,2728,SLC,"Salt Lake City, UT",AUS,"Austin, TX",-7.00,-11.00,false
4f7616db-cb57-4fca-aec1-cfbb0b359ca9,2025-01-16,2025,1,DL,2728,SLC,"Salt Lake City, UT",AUS,"Austin, TX",-12.00,-29.00,false
ec76600f-c4c0-416b-b3c6-232e2f4ec615,2025-01-17,2025,1,DL,2728,SLC,"Salt Lake City, UT",AUS,"Austin, TX",-9.00,-36.00,false
434f0dbb-0da2-4033-98ce-7b8e7b496605,2025-01-18,2025,1,DL,2728,SLC,"Salt Lake City, UT",AUS,"Austin, TX",-10.00,-17.00,false
9ba32967-590c-4c57-816c-abaeae79b937,2025-01-19,2025,1,DL,2728,SLC,"Salt Lake City, UT",AUS,"Austin, TX",25.00,1.00,false
db9a8dec-9b9b-4e44-9fc8-437c03fd82d4,2025-01-20,2025,1,DL,2728,SLC,"Salt Lake City, UT",AUS,"Austin, TX",,,true
aa296e51-f456-4898-87ea-a3a03f0e1235,2025-01-21,2025,1,DL,2728,SLC,"Salt Lake City, UT",AUS,"Austin, TX",-5.00,-12.00,false
2e20229a-4df4-4a84-a052-decaf2731078,2025-01-22,2025,1,DL,2728,SLC,"Salt Lake City, UT",AUS,"Austin, TX",-12.00,-41.00,false
e04766c4-0599-4836-b1ef-bcf4a2f16058,2025-01-23,2025,1,DL,2728,SLC,"Salt Lake City, UT",AUS,"Austin, TX",-14.00,-51.00,false
b6eb420a-65cb-43a4-8f62-72d200fa24cd,2025-01-24,2025,1,DL,2728,SLC,"Salt Lake City, UT",AUS,"Austin, TX",63.00,52.00,false
e1863333-97b1-43d0-af8b-6320259a553e,2025-01-25,2025,1,DL,2728,SLC,"Salt Lake City, UT",AUS,"Austin, TX",24.00,19.00,false
4ef870ee-07f0-40fb-bc83-c9cb4d0fca55,2025-01-26,2025,1,DL,2728,SLC,"Salt Lake City, UT",AUS,"Austin, TX",-11.00,-31.00,false
3f5e5f28-1fd7-45ec-9873-d096284405f8,2025-01-27,2025,1,DL,2728,SLC,"Salt Lake City, UT",AUS,"Austin, TX",-10.00,-17.00,false
78b5e043-0c64-444a-9348-259cb63aaa2b,2025-01-28,2025,1,DL,2728,SLC,"Salt Lake City, UT",AUS,"Austin, TX",-8.00,-11.00,false
e412751a-29d8-4ea5-a9aa-7f11fe7f5411,2025-01-29,2025,1,DL,2728,SLC,"Salt Lake City, UT",AUS,"Austin, TX",-16.00,-30.00,false
b899cae0-86e5-4dfc-871a-6e604d609a2a,2025-01-30,2025,1,DL,2728,SLC,"Salt Lake City, UT",AUS,"Austin, TX",-10.00,-35.00,false
e1dad417-85cc-422b-8389-c6e84e609b41,2025-01-31,2025,1,DL,2728,SLC,"Salt Lake City, UT",AUS,"Austin, TX",-7.00,-15.00,false
700a2211-e71c-4e55-b681-ace44fd4c175,2025-01-04,2025,1,DL,2729,DCA,"Washington, DC",MCO,"Orlando, FL",-3.00,0.00,false
7495c616-af3f-4990-8e12-66e4d7d6bb3e,2025-01-05,2025,1,DL,2729,DCA,"Washington, DC",MCO,"Orlando, FL",-3.00,-4.00,false
38795525-7630-46f6-9fda-f73866a4074d,2025-01-06,2025,1,DL,2729,DCA,"Washington, DC",MCO,"Orlando, FL",39.00,59.00,false
7c33970c-a464-48c7-b93f-7a5cb06c5599,2025-01-06,2025,1,DL,2729,MCO,"Orlando, FL",DCA,"Washington, DC",,,true
794f32d3-45e9-4e86-a3e7-5205fa47de48,2025-01-07,2025,1,DL,2729,DCA,"Washington, DC",MCO,"Orlando, FL",-8.00,-10.00,false
39b1f0d8-04e6-4127-8143-6a8f8ccffc71,2025-01-07,2025,1,DL,2729,MCO,"Orlando, FL",DCA,"Washington, DC",-2.00,-17.00,false
e77ca212-2b53-42d3-b13c-fa5bed204713,2025-01-08,2025,1,DL,2729,DCA,"Washington, DC",MCO,"Orlando, FL",-8.00,-11.00,false
dbbcb73d-fdec-478e-8ef6-e1de89d8479b,2025-01-08,2025,1,DL,2729,MCO,"Orlando, FL",DCA,"Washington, DC",-16.00,-18.00,false
2c2f4aac-fc77-423a-9ca6-a611a7beea0c,2025-01-09,2025,1,DL,2729,DCA,"Washington, DC",MCO,"Orlando, FL",1.00,18.00,false
632cb385-1cc5-4e7f-9acc-a3b6b13e968f,2025-01-09,2025,1,DL,2729,MCO,"Orlando, FL",DCA,"Washington, DC",10.00,15.00,false
892f4bbd-2699-4b1e-91bc-cdc9e2046dca,2025-01-10,2025,1,DL,2729,DCA,"Washington, DC",MCO,"Orlando, FL",39.00,51.00,false
08db041c-3a96-4aeb-8f0d-810d90db14ae,2025-01-10,2025,1,DL,2729,MCO,"Orlando, FL",DCA,"Washington, DC",5.00,-2.00,false
2a0fb9e8-f63c-4c67-97d0-b3d55cb3d124,2025-01-12,2025,1,DL,2729,DCA,"Washington, DC",MCO,"Orlando, FL",-7.00,-19.00,false
d7b4c0d2-6abb-4b7e-8842-7c27f31ac050,2025-01-12,2025,1,DL,2729,MCO,"Orlando, FL",DCA,"Washington, DC",0.00,8.00,false
6105366a-47c6-4420-96c4-5c58dd0adc4c,2025-01-13,2025,1,DL,2729,DCA,"Washington, DC",MCO,"Orlando, FL",-9.00,4.00,false
e6972ae7-02be-4c59-83e8-fd5fbd607e52,2025-01-13,2025,1,DL,2729,MCO,"Orlando, FL",DCA,"Washington, DC",-8.00,-29.00,false
8778b1ce-8ffe-4ea5-a00d-0db033b3481b,2025-01-14,2025,1,DL,2729,DCA,"Washington, DC",MCO,"Orlando, FL",-6.00,-9.00,false
1f1154cf-f889-469e-965a-d4866c6cc6f8,2025-01-14,2025,1,DL,2729,MCO,"Orlando, FL",DCA,"Washington, DC",-13.00,-22.00,false
d891c824-24fa-44f3-9744-ca1fcd83bfcd,2025-01-15,2025,1,DL,2729,DCA,"Washington, DC",MCO,"Orlando, FL",-7.00,-5.00,false
9c27d06b-1e87-47da-a909-7ffa465ed1f5,2025-01-15,2025,1,DL,2729,MCO,"Orlando, FL",DCA,"Washington, DC",-11.00,-25.00,false
9dbc56b4-0d69-47cb-b3fd-e961600a9b16,2025-01-16,2025,1,DL,2729,DCA,"Washington, DC",MCO,"Orlando, FL",13.00,2.00,false
abe14b13-9ddf-4634-8fa5-0ded1574125a,2025-01-16,2025,1,DL,2729,MCO,"Orlando, FL",DCA,"Washington, DC",-11.00,-14.00,false
234ce6ea-fb5d-46a4-bdaf-9c6d299153ce,2025-01-17,2025,1,DL,2729,DCA,"Washington, DC",MCO,"Orlando, FL",-1.00,-17.00,false
b0abf9b8-36a6-4de8-b6df-02bef797a757,2025-01-17,2025,1,DL,2729,MCO,"Orlando, FL",DCA,"Washington, DC",-6.00,-4.00,false
e046b996-c0b5-4d8a-8748-b14fe87016c3,2025-01-19,2025,1,DL,2729,DCA,"Washington, DC",MCO,"Orlando, FL",-4.00,26.00,false
ca907f83-1c3d-4453-9b80-762993380f10,2025-01-19,2025,1,DL,2729,MCO,"Orlando, FL",DCA,"Washington, DC",-7.00,-35.00,false
72f0dbed-ffa0-400f-bd3a-cfe9c34350e9,2025-01-20,2025,1,DL,2729,DCA,"Washington, DC",MCO,"Orlando, FL",43.00,47.00,false
fbb1a88c-407f-400a-afff-f816bb5a150a,2025-01-20,2025,1,DL,2729,MCO,"Orlando, FL",DCA,"Washington, DC",-5.00,-19.00,false
9fd6d843-460a-4b26-acd2-6c5c49de4c8f,2025-01-21,2025,1,DL,2729,DCA,"Washington, DC",MCO,"Orlando, FL",149.00,169.00,false
8ee7331c-a72a-4693-aefb-6446c43d4490,2025-01-21,2025,1,DL,2729,MCO,"Orlando, FL",DCA,"Washington, DC",121.00,125.00,false
f2b69de3-d80a-4301-b0e1-a3779a929c82,2025-01-22,2025,1,DL,2729,DCA,"Washington, DC",MCO,"Orlando, FL",-1.00,16.00,false
54e504a1-cbee-492f-a143-b358f706f0c5,2025-01-22,2025,1,DL,2729,MCO,"Orlando, FL",DCA,"Washington, DC",134.00,111.00,false
3b5782f2-4a88-4776-b786-c08887932211,2025-01-23,2025,1,DL,2729,DCA,"Washington, DC",MCO,"Orlando, FL",-4.00,19.00,false
534eebd8-4beb-4165-aa99-dec733dd9a02,2025-01-23,2025,1,DL,2729,MCO,"Orlando, FL",DCA,"Washington, DC",-6.00,-8.00,false
78f8a5d8-6cec-482f-854d-eb2a9bd3f99f,2025-01-24,2025,1,DL,2729,DCA,"Washington, DC",MCO,"Orlando, FL",-7.00,17.00,false
ed86f6ac-5785-4647-984a-09cb192c80ca,2025-01-24,2025,1,DL,2729,MCO,"Orlando, FL",DCA,"Washington, DC",-8.00,-31.00,false
22c4c266-48a4-4d09-93ef-0e786dfd9726,2025-01-26,2025,1,DL,2729,DCA,"Washington, DC",MCO,"Orlando, FL",-6.00,-22.00,false
f1bb045a-2bb3-4459-9553-c967ba19319e,2025-01-26,2025,1,DL,2729,MCO,"Orlando, FL",DCA,"Washington, DC",-12.00,-32.00,false
8554bfb5-63d0-4a90-a504-5fdb5273db58,2025-01-27,2025,1,DL,2729,DCA,"Washington, DC",MCO,"Orlando, FL",-3.00,-10.00,false
cfe50960-3d18-4ff5-b79b-1d049693b7a6,2025-01-27,2025,1,DL,2729,MCO,"Orlando, FL",DCA,"Washington, DC",56.00,43.00,false
fd0e4e60-3ca6-43b4-bd8b-e544dcb4ec59,2025-01-28,2025,1,DL,2729,DCA,"Washington, DC",MCO,"Orlando, FL",-9.00,-25.00,false
bb18ee9c-5840-44fe-80c0-a060d0265a94,2025-01-28,2025,1,DL,2729,MCO,"Orlando, FL",DCA,"Washington, DC",-14.00,-18.00,false
3d1b5104-13d8-4cac-b9f7-f66522ec9940,2025-01-29,2025,1,DL,2729,DCA,"Washington, DC",MCO,"Orlando, FL",-7.00,-13.00,false
7ab2809e-3973-41be-a441-063012cef636,2025-01-29,2025,1,DL,2729,MCO,"Orlando, FL",DCA,"Washington, DC",-12.00,,false
3849aed4-db90-4602-9693-86fe071062d4,2025-01-30,2025,1,DL,2729,DCA,"Washington, DC",MCO,"Orlando, FL",13.00,-12.00,false
384eb4fa-b40b-4667-806e-efe2fbfc6d13,2025-01-30,2025,1,DL,2729,MCO,"Orlando, FL",DCA,"Washington, DC",-10.00,-22.00,false
b4b8091d-fcb6-49e5-9893-fb89d0e28a24,2025-01-31,2025,1,DL,2729,DCA,"Washington, DC",MCO,"Orlando, FL",19.00,6.00,false
77890562-83dc-4948-921a-ab4b0c1070f6,2025-01-31,2025,1,DL,2729,MCO,"Orlando, FL",DCA,"Washington, DC",48.00,49.00,false
c063cc8e-1ef7-43df-b81e-6ae102e97ee8,2025-01-01,2025,1,DL,2730,MCO,"Orlando, FL",LGA,"New York, NY",14.00,-5.00,false
4fcc9071-37b5-4ea7-a4b3-437d1bb68435,2025-01-02,2025,1,DL,2730,MCO,"Orlando, FL",LGA,"New York, NY",2.00,-16.00,false
1fcdeac3-bfd8-4b24-93fb-c83c9fb11a54,2025-01-03,2025,1,DL,2730,MCO,"Orlando, FL",LGA,"New York, NY",-1.00,-18.00,false
ed355a7f-82b9-4f73-b260-d4f4801b4680,2025-01-04,2025,1,DL,2730,MCO,"Orlando, FL",LGA,"New York, NY",-3.00,-12.00,false
ef34bc29-2f85-42b6-807b-a0b1f58fe32b,2025-01-05,2025,1,DL,2730,MCO,"Orlando, FL",LGA,"New York, NY",3.00,-13.00,false
6d4d2c05-8680-4428-951c-170868819568,2025-01-01,2025,1,DL,2732,MSP,"Minneapolis, MN",LGA,"New York, NY",-4.00,-9.00,false
1521d9e1-eb76-44c2-b9ba-0f7f99e12f51,2025-01-02,2025,1,DL,2732,MSP,"Minneapolis, MN",LGA,"New York, NY",-6.00,-27.00,false
b05b5cf8-7159-44ff-be5c-5dc2c92924f8,2025-01-03,2025,1,DL,2732,MSP,"Minneapolis, MN",LGA,"New York, NY",23.00,3.00,false
51182fb6-6a8c-4278-b48d-e9d17ec3aa79,2025-01-04,2025,1,DL,2732,MSP,"Minneapolis, MN",LGA,"New York, NY",-3.00,-27.00,false
b71a6f75-bf67-4de5-b48a-eed3c6aba529,2025-01-05,2025,1,DL,2732,MSP,"Minneapolis, MN",LGA,"New York, NY",139.00,118.00,false
dd1a2df8-2ec3-4f4c-9a2c-26dd2b8a5ce6,2025-01-06,2025,1,DL,2732,MSP,"Minneapolis, MN",LGA,"New York, NY",74.00,58.00,false
eb48a7e8-32d8-4a54-a7c7-67b699c9f709,2025-01-07,2025,1,DL,2732,MSP,"Minneapolis, MN",LGA,"New York, NY",-2.00,16.00,false
2cebff8f-c24c-42d4-bae8-3b01f1c7ae91,2025-01-08,2025,1,DL,2732,MSP,"Minneapolis, MN",LGA,"New York, NY",13.00,18.00,false
16408ca2-cbf9-4f6e-836c-81d281c8bec7,2025-01-09,2025,1,DL,2732,MSP,"Minneapolis, MN",LGA,"New York, NY",111.00,127.00,false
305ddee1-559f-4faf-a1ea-51866c9f6acd,2025-01-10,2025,1,DL,2732,MSP,"Minneapolis, MN",LGA,"New York, NY",19.00,17.00,false
cb7dc559-9a5f-4312-9579-b10aa402b3e4,2025-01-11,2025,1,DL,2732,MSP,"Minneapolis, MN",LGA,"New York, NY",41.00,34.00,false
9ac64078-a8fa-4f1a-b3bc-477c6df8e13c,2025-01-12,2025,1,DL,2732,MSP,"Minneapolis, MN",LGA,"New York, NY",36.00,24.00,false
9db99c4c-d744-4130-abbe-089e76fff5d8,2025-01-13,2025,1,DL,2732,MSP,"Minneapolis, MN",LGA,"New York, NY",-1.00,-18.00,false
300b3f55-68ec-41b7-9328-6840d11db528,2025-01-14,2025,1,DL,2732,MSP,"Minneapolis, MN",LGA,"New York, NY",-4.00,-15.00,false
e0b08608-226d-42a5-a9aa-8d8a5a8fbe21,2025-01-15,2025,1,DL,2732,MSP,"Minneapolis, MN",LGA,"New York, NY",9.00,19.00,false
f48429f7-d2d3-4002-804f-fa29713e578a,2025-01-16,2025,1,DL,2732,MSP,"Minneapolis, MN",LGA,"New York, NY",-4.00,-19.00,false
e14c3a36-801e-4b57-abc5-546f901db239,2025-01-17,2025,1,DL,2732,MSP,"Minneapolis, MN",LGA,"New York, NY",34.00,12.00,false
142f8265-0902-4402-ae3c-311bf42d7e59,2025-01-18,2025,1,DL,2732,MSP,"Minneapolis, MN",LGA,"New York, NY",-1.00,-19.00,false
3cd48b6b-f8a7-461b-a2fd-dc430284f22a,2025-01-19,2025,1,DL,2732,MSP,"Minneapolis, MN",LGA,"New York, NY",-5.00,-16.00,false
0eefb9cb-d301-4212-b071-8b3d0f007ee0,2025-01-20,2025,1,DL,2732,MSP,"Minneapolis, MN",LGA,"New York, NY",-5.00,-16.00,false
8f7583d4-73b1-49bb-9da1-50ae6c17d28e,2025-01-21,2025,1,DL,2732,MSP,"Minneapolis, MN",LGA,"New York, NY",62.00,43.00,false
7d384ed6-cf5e-4322-8dde-1e602450eff5,2025-01-22,2025,1,DL,2732,MSP,"Minneapolis, MN",LGA,"New York, NY",-3.00,-21.00,false
dd03bf05-1820-43a8-ab2a-a3dd0e07adc0,2025-01-23,2025,1,DL,2732,MSP,"Minneapolis, MN",LGA,"New York, NY",1.00,-11.00,false
abb6d74b-28dc-4cb3-bb4f-b6f081e51c4b,2025-01-24,2025,1,DL,2732,MSP,"Minneapolis, MN",LGA,"New York, NY",5.00,9.00,false
c12d5b9c-d392-48c2-bfca-0143b6089995,2025-01-25,2025,1,DL,2732,MSP,"Minneapolis, MN",LGA,"New York, NY",-11.00,-35.00,false
3a0824fa-bb89-4826-91ab-f1fd4f4afff5,2025-01-26,2025,1,DL,2732,MSP,"Minneapolis, MN",LGA,"New York, NY",-3.00,-11.00,false
067b4d3c-27b0-4d8c-9174-359456ed4313,2025-01-27,2025,1,DL,2732,MSP,"Minneapolis, MN",LGA,"New York, NY",129.00,117.00,false
c35ca4eb-c9fe-49d7-80de-9981467594a4,2025-01-28,2025,1,DL,2732,MSP,"Minneapolis, MN",LGA,"New York, NY",12.00,-14.00,false
f9b3dcf4-24c9-4ae5-a99e-9b2dcc05d764,2025-01-29,2025,1,DL,2732,MSP,"Minneapolis, MN",LGA,"New York, NY",31.00,12.00,false
ee7160c2-709b-4214-b3f8-8630e08869d0,2025-01-30,2025,1,DL,2732,MSP,"Minneapolis, MN",LGA,"New York, NY",-6.00,-25.00,false
017a8ebb-464f-4523-8a00-f54730dd3588,2025-01-31,2025,1,DL,2732,MSP,"Minneapolis, MN",LGA,"New York, NY",-1.00,3.00,false
8ca2e3e6-2122-4d48-8381-4f3028c698ff,2025-01-01,2025,1,DL,2733,MSP,"Minneapolis, MN",LGA,"New York, NY",1.00,9.00,false
38cac8a2-44d1-41f6-8a95-d9633cf06fe1,2025-01-02,2025,1,DL,2733,MSP,"Minneapolis, MN",LGA,"New York, NY",13.00,-5.00,false
f77f9ddb-982a-41a2-a41d-93ed769bae76,2025-01-03,2025,1,DL,2733,MSP,"Minneapolis, MN",LGA,"New York, NY",3.00,-15.00,false
9d85262f-91d8-45dd-b5c1-593384f6a3a7,2025-01-04,2025,1,DL,2733,MSP,"Minneapolis, MN",LGA,"New York, NY",0.00,-24.00,false
6e7e3761-fdde-454e-b772-1365f4d19fec,2025-01-05,2025,1,DL,2733,MSP,"Minneapolis, MN",LGA,"New York, NY",33.00,13.00,false
cb1023af-136d-4b49-bb95-fd12ebef621c,2025-01-06,2025,1,DL,2733,MSP,"Minneapolis, MN",LGA,"New York, NY",-2.00,15.00,false
7bb584d4-d2df-46a5-9963-0dfb27fb9226,2025-01-07,2025,1,DL,2733,MSP,"Minneapolis, MN",LGA,"New York, NY",10.00,8.00,false
7e4639b4-11e2-4464-a7bc-e6d02c7c24af,2025-01-08,2025,1,DL,2733,MSP,"Minneapolis, MN",LGA,"New York, NY",-6.00,7.00,false
30d16ced-4a51-40cb-9c86-4535a30e1197,2025-01-09,2025,1,DL,2733,MSP,"Minneapolis, MN",LGA,"New York, NY",100.00,100.00,false
00afe3ee-682a-4a2a-b873-250c33688b6b,2025-01-10,2025,1,DL,2733,MSP,"Minneapolis, MN",LGA,"New York, NY",42.00,34.00,false
91b47d90-23e3-40c4-b547-74afca69a760,2025-01-11,2025,1,DL,2733,MSP,"Minneapolis, MN",LGA,"New York, NY",90.00,98.00,false
27b1a3eb-1be5-441c-bf40-c970be03ad8d,2025-01-12,2025,1,DL,2733,MSP,"Minneapolis, MN",LGA,"New York, NY",93.00,58.00,false
718a8936-9295-49d1-b9e8-402481bdf60d,2025-01-13,2025,1,DL,2733,MSP,"Minneapolis, MN",LGA,"New York, NY",5.00,-4.00,false
8029a9b5-a46e-4d37-bf43-4f12e4cbc453,2025-01-14,2025,1,DL,2733,MSP,"Minneapolis, MN",LGA,"New York, NY",3.00,-11.00,false
d3f31ad8-4a4b-470f-9e97-a9a085e53761,2025-01-15,2025,1,DL,2733,MSP,"Minneapolis, MN",LGA,"New York, NY",-7.00,-20.00,false
05dd867e-c88d-4fc8-beee-e029cdb07d1b,2025-01-16,2025,1,DL,2733,MSP,"Minneapolis, MN",LGA,"New York, NY",-2.00,-23.00,false
89ba7600-9f5b-473d-88d4-aba1432b74db,2025-01-17,2025,1,DL,2733,MSP,"Minneapolis, MN",LGA,"New York, NY",-5.00,-3.00,false
3f6f6cbc-d39a-430c-853d-fa07c8be086a,2025-01-18,2025,1,DL,2733,MSP,"Minneapolis, MN",LGA,"New York, NY",-8.00,-29.00,false
75b03395-be02-4128-b1a0-0843907a101e,2025-01-19,2025,1,DL,2733,MSP,"Minneapolis, MN",LGA,"New York, NY",122.00,111.00,false
d3c17ee2-108f-475a-abff-972d31ce1cc7,2025-01-20,2025,1,DL,2733,MSP,"Minneapolis, MN",LGA,"New York, NY",57.00,34.00,false
908a2fb1-af2c-4599-836d-faf54a7d30de,2025-01-21,2025,1,DL,2733,MSP,"Minneapolis, MN",LGA,"New York, NY",0.00,-22.00,false
c5dd4443-90c6-4677-ba91-6d8c72dab5a8,2025-01-22,2025,1,DL,2733,MSP,"Minneapolis, MN",LGA,"New York, NY",21.00,16.00,false
b08e05c2-fdce-4e27-b0f8-ad338c63861a,2025-01-23,2025,1,DL,2733,MSP,"Minneapolis, MN",LGA,"New York, NY",0.00,-8.00,false
1003bcc2-e288-4088-abcc-3345bb1384c6,2025-01-24,2025,1,DL,2733,MSP,"Minneapolis, MN",LGA,"New York, NY",-11.00,-23.00,false
30e4af74-c482-4528-b376-5f92d4a03a75,2025-01-25,2025,1,DL,2733,MSP,"Minneapolis, MN",LGA,"New York, NY",0.00,-24.00,false
aee0b7bb-b5b5-4267-9cb2-8fcdacb81e74,2025-01-26,2025,1,DL,2733,MSP,"Minneapolis, MN",LGA,"New York, NY",-1.00,-16.00,false
e58308ec-f8a4-4dea-bccd-1fd589be61f2,2025-01-27,2025,1,DL,2733,MSP,"Minneapolis, MN",LGA,"New York, NY",-7.00,-14.00,false
0ec11b30-ce6b-4682-a0f0-b4776c3f91ef,2025-01-28,2025,1,DL,2733,MSP,"Minneapolis, MN",LGA,"New York, NY",-7.00,-37.00,false
0eabc425-e3c2-4d61-9513-7a36cd958ecd,2025-01-29,2025,1,DL,2733,MSP,"Minneapolis, MN",LGA,"New York, NY",-9.00,-42.00,false
c214e2c1-9116-4373-99bf-0b02871eeb23,2025-01-30,2025,1,DL,2733,MSP,"Minneapolis, MN",LGA,"New York, NY",53.00,42.00,false
fa429e5f-e0bd-4680-ac04-986fcbafd465,2025-01-31,2025,1,DL,2733,MSP,"Minneapolis, MN",LGA,"New York, NY",-6.00,-27.00,false
b36b0db1-90c0-4c4c-afeb-96b4ea41d029,2025-01-01,2025,1,DL,2734,CLE,"Cleveland, OH",ATL,"Atlanta, GA",16.00,20.00,false
da405110-e406-408c-8a3c-7f74c254497c,2025-01-02,2025,1,DL,2734,CLE,"Cleveland, OH",ATL,"Atlanta, GA",-9.00,-13.00,false
77495f0f-047b-42ac-86a9-83b9120da1f3,2025-01-03,2025,1,DL,2734,CLE,"Cleveland, OH",ATL,"Atlanta, GA",-4.00,0.00,false
dffd2b89-c85c-48a7-a011-08ee6ad66b24,2025-01-04,2025,1,DL,2734,CLE,"Cleveland, OH",ATL,"Atlanta, GA",4.00,12.00,false
a6127144-2f77-4666-8ad4-646e1ceefc1a,2025-01-05,2025,1,DL,2734,CLE,"Cleveland, OH",ATL,"Atlanta, GA",50.00,52.00,false
95513a38-1aa8-4f19-8441-00dd2f1fdf60,2025-01-06,2025,1,DL,2734,STL,"St. Louis, MO",DTW,"Detroit, MI",148.00,130.00,false
9f06be24-5059-479f-a510-7ab7a2f68ba4,2025-01-07,2025,1,DL,2734,STL,"St. Louis, MO",DTW,"Detroit, MI",-17.00,-34.00,false
a0e3b2fd-11d3-4e73-9406-e975dd2eb9d2,2025-01-08,2025,1,DL,2734,STL,"St. Louis, MO",DTW,"Detroit, MI",-16.00,-12.00,false
54def578-b5fd-4bdc-b975-043ffb799995,2025-01-09,2025,1,DL,2734,STL,"St. Louis, MO",DTW,"Detroit, MI",92.00,79.00,false
7c2d64d5-3783-4c96-a14b-60ea9c0b3e99,2025-01-10,2025,1,DL,2734,STL,"St. Louis, MO",DTW,"Detroit, MI",48.00,48.00,false
8da0af31-af25-49cf-8462-84b124e2abbc,2025-01-11,2025,1,DL,2734,CLE,"Cleveland, OH",ATL,"Atlanta, GA",8.00,48.00,false
723046d7-8b7c-4083-a3b1-438e472c0c37,2025-01-12,2025,1,DL,2734,STL,"St. Louis, MO",DTW,"Detroit, MI",-16.00,-14.00,false
54e79062-40ec-432e-a082-078e00941255,2025-01-13,2025,1,DL,2734,STL,"St. Louis, MO",DTW,"Detroit, MI",-15.00,-32.00,false
5b5b007c-a7ba-4c75-9871-762b70550da8,2025-01-14,2025,1,DL,2734,STL,"St. Louis, MO",DTW,"Detroit, MI",-2.00,-13.00,false
876f8e9e-d839-436f-b5c9-ad656ca4153e,2025-01-15,2025,1,DL,2734,STL,"St. Louis, MO",DTW,"Detroit, MI",-11.00,-30.00,false
dea626f1-f2cb-4d91-9381-76c12bb226a7,2025-01-16,2025,1,DL,2734,STL,"St. Louis, MO",DTW,"Detroit, MI",38.00,25.00,false
52cf2162-8df1-4ea8-9c8c-8936f3c20b9f,2025-01-17,2025,1,DL,2734,STL,"St. Louis, MO",DTW,"Detroit, MI",-12.00,-28.00,false
a343c6e7-5510-4e92-bb74-bfa2a72f1be4,2025-01-18,2025,1,DL,2734,CLE,"Cleveland, OH",ATL,"Atlanta, GA",84.00,79.00,false
53853a3a-e7fb-4225-8842-9ae075bf3c0e,2025-01-19,2025,1,DL,2734,CLE,"Cleveland, OH",ATL,"Atlanta, GA",-8.00,-9.00,false
147613ff-12ec-45b4-b0fa-bd9d1981f35f,2025-01-20,2025,1,DL,2734,CLE,"Cleveland, OH",ATL,"Atlanta, GA",-3.00,8.00,false
c0cdd933-bdf8-4f0b-a3c7-b9eb738a672b,2025-01-21,2025,1,DL,2734,CLE,"Cleveland, OH",ATL,"Atlanta, GA",52.00,47.00,false
3b492469-a0b9-4992-a04a-cdfa275f24dc,2025-01-22,2025,1,DL,2734,CLE,"Cleveland, OH",ATL,"Atlanta, GA",9.00,40.00,false
68fc7445-91bb-4c3a-a76e-bb627c4e22c7,2025-01-23,2025,1,DL,2734,CLE,"Cleveland, OH",ATL,"Atlanta, GA",-9.00,-27.00,false
cb5981f0-f59b-4801-b8ba-3e8de35e38a2,2025-01-24,2025,1,DL,2734,CLE,"Cleveland, OH",ATL,"Atlanta, GA",1.00,-9.00,false
4e7b8897-e435-4ecc-afd5-5061e8a7eb22,2025-01-25,2025,1,DL,2734,CLE,"Cleveland, OH",ATL,"Atlanta, GA",-3.00,-34.00,false
f4588571-b7e3-465a-8c53-aa528b3f6b1e,2025-01-26,2025,1,DL,2734,CLE,"Cleveland, OH",ATL,"Atlanta, GA",-8.00,-21.00,false
5952980e-9f67-4f88-b0b8-a9df44ef92b3,2025-01-27,2025,1,DL,2734,CLE,"Cleveland, OH",ATL,"Atlanta, GA",-7.00,-24.00,false
ae3536b6-b828-48b5-bba0-892c3f396fd8,2025-01-28,2025,1,DL,2734,CLE,"Cleveland, OH",ATL,"Atlanta, GA",-7.00,-40.00,false
36ac8db0-c011-42ac-a4ba-4dcdc3eea970,2025-01-29,2025,1,DL,2734,CLE,"Cleveland, OH",ATL,"Atlanta, GA",109.00,80.00,false
3aee2776-462a-4e41-9352-2f7e81830f96,2025-01-30,2025,1,DL,2734,CLE,"Cleveland, OH",ATL,"Atlanta, GA",-5.00,-40.00,false
29e5a751-be80-4a0c-bcb6-fe630ffaae96,2025-01-31,2025,1,DL,2734,CLE,"Cleveland, OH",ATL,"Atlanta, GA",-1.00,-29.00,false
6c3fd770-0315-462b-882b-45b1e53247eb,2025-01-02,2025,1,DL,2735,ATL,"Atlanta, GA",BDL,"Hartford, CT",-11.00,-15.00,false
96165b9a-f65a-45cc-ba1d-239f64ef4968,2025-01-02,2025,1,DL,2735,BDL,"Hartford, CT",ATL,"Atlanta, GA",-7.00,-12.00,false
74302598-5195-4d43-8cfa-626c2a86ede9,2025-01-03,2025,1,DL,2735,ATL,"Atlanta, GA",BDL,"Hartford, CT",-4.00,-10.00,false
17bbedc2-15dd-43ed-a512-9bc283e56953,2025-01-03,2025,1,DL,2735,BDL,"Hartford, CT",ATL,"Atlanta, GA",-12.00,-23.00,false
6aa1479c-7557-4b19-97f8-80854578fc6d,2025-01-04,2025,1,DL,2735,ATL,"Atlanta, GA",BDL,"Hartford, CT",3.00,6.00,false
1fbc51e6-c99b-40c1-91d4-7f6cfe00c0d8,2025-01-04,2025,1,DL,2735,BDL,"Hartford, CT",ATL,"Atlanta, GA",-3.00,-10.00,false
ac979950-fc3c-4d30-875e-05f8731b697d,2025-01-05,2025,1,DL,2735,ATL,"Atlanta, GA",BDL,"Hartford, CT",-6.00,-24.00,false
f313f3c8-8f4d-4569-b119-5d7f8e5c1f3c,2025-01-05,2025,1,DL,2735,BDL,"Hartford, CT",ATL,"Atlanta, GA",-10.00,1.00,false
b181c107-2e4e-4724-ad68-bed3d658eb90,2025-01-13,2025,1,DL,2735,ATL,"Atlanta, GA",BDL,"Hartford, CT",-5.00,-18.00,false
10fad88c-af01-43c9-b2c2-dd070fd2ba7c,2025-01-13,2025,1,DL,2735,BDL,"Hartford, CT",ATL,"Atlanta, GA",-23.00,8.00,false
825f3adc-4330-49e9-af07-82d966b179b3,2025-01-16,2025,1,DL,2735,ATL,"Atlanta, GA",BDL,"Hartford, CT",-4.00,-1.00,false
edf5c8c7-773c-4cd9-97bc-63ff5137022c,2025-01-16,2025,1,DL,2735,BDL,"Hartford, CT",ATL,"Atlanta, GA",-17.00,-38.00,false
f6264941-4525-4a6c-b44f-1ec91300fa39,2025-01-17,2025,1,DL,2735,ATL,"Atlanta, GA",BDL,"Hartford, CT",-2.00,-3.00,false
ac163fc5-7a46-45f0-822d-2550d189c404,2025-01-17,2025,1,DL,2735,BDL,"Hartford, CT",ATL,"Atlanta, GA",-11.00,-37.00,false
3136fe86-6a4d-4c9b-91e6-ea5418ef7cdc,2025-01-19,2025,1,DL,2735,ATL,"Atlanta, GA",BDL,"Hartford, CT",-7.00,-15.00,false
a3b70200-4679-40c6-87d7-9faa4e75c498,2025-01-20,2025,1,DL,2735,ATL,"Atlanta, GA",BDL,"Hartford, CT",-4.00,-13.00,false
4ccab6b9-4d60-468e-8da9-a009b550e3c1,2025-01-20,2025,1,DL,2735,BDL,"Hartford, CT",ATL,"Atlanta, GA",-7.00,0.00,false
abf5139e-5a50-4ef7-855b-619f31b44032,2025-01-23,2025,1,DL,2735,ATL,"Atlanta, GA",BDL,"Hartford, CT",-7.00,-12.00,false
6f2ff61b-8d5c-42ae-bf7c-57530aea080f,2025-01-23,2025,1,DL,2735,BDL,"Hartford, CT",ATL,"Atlanta, GA",-20.00,-10.00,false
f5a82140-118a-4fd8-aa4f-3f0b5b5aa2e5,2025-01-24,2025,1,DL,2735,ATL,"Atlanta, GA",BDL,"Hartford, CT",-4.00,-14.00,false
f950ca64-e982-4d23-8467-2689faeca89a,2025-01-24,2025,1,DL,2735,BDL,"Hartford, CT",ATL,"Atlanta, GA",-13.00,-17.00,false
1590a282-31e8-4f47-9524-b3548d962e08,2025-01-26,2025,1,DL,2735,ATL,"Atlanta, GA",BDL,"Hartford, CT",7.00,0.00,false
3fa2ce3d-597a-4f03-9efe-99a64515c0c7,2025-01-26,2025,1,DL,2735,BDL,"Hartford, CT",ATL,"Atlanta, GA",-2.00,-10.00,false
9a12f0f0-22aa-4314-aadb-8af295dc7668,2025-01-27,2025,1,DL,2735,ATL,"Atlanta, GA",BDL,"Hartford, CT",-5.00,-7.00,false
65863151-9b43-48b9-bd11-139844504087,2025-01-27,2025,1,DL,2735,BDL,"Hartford, CT",ATL,"Atlanta, GA",-14.00,-35.00,false
a8ad61a9-b5fa-4ca5-80a1-40bf3fb7faa6,2025-01-30,2025,1,DL,2735,ATL,"Atlanta, GA",BDL,"Hartford, CT",-3.00,-12.00,false
b29de1b8-f2a4-4b45-8e1d-ccbbfb382fa7,2025-01-30,2025,1,DL,2735,BDL,"Hartford, CT",ATL,"Atlanta, GA",-9.00,-10.00,false
e5060df2-b011-4d4e-ba24-14a61c56419f,2025-01-31,2025,1,DL,2735,ATL,"Atlanta, GA",BDL,"Hartford, CT",-5.00,-13.00,false
79bc26e5-cd2e-41f9-a0d7-bd0108df7270,2025-01-31,2025,1,DL,2735,BDL,"Hartford, CT",ATL,"Atlanta, GA",-18.00,-10.00,false
db7bb23e-6c43-4f56-b1f7-ca5586911bfb,2025-01-02,2025,1,DL,2736,AUS,"Austin, TX",DTW,"Detroit, MI",-7.00,-19.00,false
346eadff-8e32-42be-8245-ebebb6ba5d8b,2025-01-03,2025,1,DL,2736,AUS,"Austin, TX",DTW,"Detroit, MI",-9.00,-9.00,false
334c34d0-1632-41bc-a474-124b6bc5ab87,2025-01-04,2025,1,DL,2736,AUS,"Austin, TX",DTW,"Detroit, MI",-8.00,-9.00,false
6f16e9de-b1c3-4e13-85ce-eab935300cc1,2025-01-05,2025,1,DL,2736,AUS,"Austin, TX",DTW,"Detroit, MI",0.00,-15.00,false
794403bb-87c5-4def-8e90-f08956f27325,2025-01-20,2025,1,DL,2736,AUS,"Austin, TX",DTW,"Detroit, MI",123.00,116.00,false
47d29954-0c5e-4c17-8994-4acc4aa62a12,2025-01-21,2025,1,DL,2736,AUS,"Austin, TX",DTW,"Detroit, MI",-2.00,-2.00,false
c91ff6ff-f7e2-439a-b687-ef1f8684c48c,2025-01-22,2025,1,DL,2736,AUS,"Austin, TX",DTW,"Detroit, MI",-2.00,-8.00,false
433341d1-a00e-42fb-81a7-9df043869528,2025-01-23,2025,1,DL,2736,AUS,"Austin, TX",DTW,"Detroit, MI",-5.00,-20.00,false
1e9c92e0-f81a-4210-a665-f32952e0cfc8,2025-01-24,2025,1,DL,2736,AUS,"Austin, TX",DTW,"Detroit, MI",-6.00,1.00,false
7dfc09c8-a031-4be3-8322-430d4648a5f3,2025-01-26,2025,1,DL,2736,AUS,"Austin, TX",DTW,"Detroit, MI",-4.00,-13.00,false
f3ee33cf-7f17-4b0a-9113-c9c77328e69b,2025-01-27,2025,1,DL,2736,AUS,"Austin, TX",DTW,"Detroit, MI",-9.00,-24.00,false
7f0061a1-5001-48e1-a5fe-eebf51c188cb,2025-01-28,2025,1,DL,2736,AUS,"Austin, TX",DTW,"Detroit, MI",-12.00,-13.00,false
8a8fe582-a74c-42df-ac7a-5ff62518f2a0,2025-01-29,2025,1,DL,2736,AUS,"Austin, TX",DTW,"Detroit, MI",-14.00,-28.00,false
8d735b9c-e9e5-44aa-b964-d1f5b0dc9dae,2025-01-30,2025,1,DL,2736,AUS,"Austin, TX",DTW,"Detroit, MI",8.00,5.00,false
1aa9cd96-8276-473e-9ef6-c2b1be8d7bbb,2025-01-31,2025,1,DL,2736,AUS,"Austin, TX",DTW,"Detroit, MI",-9.00,-15.00,false
b68671a6-54c9-4094-b634-f2d4e49b52a3,2025-01-01,2025,1,DL,2737,RDU,"Raleigh/Durham, NC",MSP,"Minneapolis, MN",-7.00,-18.00,false
5084dfc5-62b2-4648-abcc-4fbbe80f3dd3,2025-01-02,2025,1,DL,2737,RDU,"Raleigh/Durham, NC",MSP,"Minneapolis, MN",58.00,48.00,false
65d76990-6f97-4bd0-a816-b6995aee092b,2025-01-03,2025,1,DL,2737,RDU,"Raleigh/Durham, NC",MSP,"Minneapolis, MN",6.00,0.00,false
f1970f50-f4ce-47b1-8169-4d725f74c180,2025-01-05,2025,1,DL,2737,RDU,"Raleigh/Durham, NC",MSP,"Minneapolis, MN",7.00,6.00,false
155412c4-3d86-4b0a-a25a-c743b8c6be78,2025-01-01,2025,1,DL,2738,ATL,"Atlanta, GA",ORD,"Chicago, IL",2.00,-5.00,false
cd3cb734-0469-44b4-b97c-25c55da292d4,2025-01-01,2025,1,DL,2738,ORD,"Chicago, IL",ATL,"Atlanta, GA",-4.00,-25.00,false
a240a1cf-8184-4cfc-b74e-a7f9bb826792,2025-01-02,2025,1,DL,2738,ATL,"Atlanta, GA",ORD,"Chicago, IL",-7.00,-14.00,false
06177660-268c-4851-b533-577324402ea9,2025-01-02,2025,1,DL,2738,ORD,"Chicago, IL",ATL,"Atlanta, GA",-3.00,-9.00,false
e6dd492e-95bb-499d-836b-01051837fbfb,2025-01-03,2025,1,DL,2738,ATL,"Atlanta, GA",ORD,"Chicago, IL",-4.00,3.00,false
68d2a330-ccea-4465-a522-613f592291ee,2025-01-03,2025,1,DL,2738,ORD,"Chicago, IL",ATL,"Atlanta, GA",-3.00,-19.00,false
5e7147f2-8cd0-4a6f-a787-fd00e52d7bba,2025-01-04,2025,1,DL,2738,ATL,"Atlanta, GA",ORD,"Chicago, IL",0.00,-2.00,false
3ebbf9bb-c593-4c48-bcfd-ed5be0739d79,2025-01-04,2025,1,DL,2738,ORD,"Chicago, IL",ATL,"Atlanta, GA",-3.00,-22.00,false
bc7894f6-2b30-4a54-890f-25d74c777c96,2025-01-05,2025,1,DL,2738,ATL,"Atlanta, GA",ORD,"Chicago, IL",-2.00,-13.00,false
e12758c7-a19e-4669-a40f-f80412067bb9,2025-01-05,2025,1,DL,2738,ORD,"Chicago, IL",ATL,"Atlanta, GA",2.00,-7.00,false
e42563d5-c41f-42d5-b6d0-ef96a76e3405,2025-01-20,2025,1,DL,2738,ATL,"Atlanta, GA",ORD,"Chicago, IL",-6.00,-13.00,false
aa2af29c-d0e1-4ded-82f1-09c32c09e31e,2025-01-20,2025,1,DL,2738,ORD,"Chicago, IL",ATL,"Atlanta, GA",-7.00,-11.00,false
cafb3425-3ffe-4cf0-93dc-c653e3da767a,2025-01-22,2025,1,DL,2738,ATL,"Atlanta, GA",ORD,"Chicago, IL",21.00,47.00,false
65c7d86b-bc4e-4a11-a741-30479131c5c8,2025-01-22,2025,1,DL,2738,ORD,"Chicago, IL",ATL,"Atlanta, GA",36.00,32.00,false
2a9dc883-14be-4bc2-b841-95cba3b84ff5,2025-01-23,2025,1,DL,2738,ATL,"Atlanta, GA",ORD,"Chicago, IL",-8.00,-15.00,false
1d976dc8-36c6-4f75-9f7e-22b483fc281c,2025-01-23,2025,1,DL,2738,ORD,"Chicago, IL",ATL,"Atlanta, GA",3.00,-1.00,false
18a38146-a2c5-49e7-a1ca-ce2a0d45ff37,2025-01-24,2025,1,DL,2738,ATL,"Atlanta, GA",ORD,"Chicago, IL",24.00,21.00,false
eac46831-4ccc-420d-96e3-50d543c07dfa,2025-01-24,2025,1,DL,2738,ORD,"Chicago, IL",ATL,"Atlanta, GA",17.00,1.00,false
7f8d54d2-1b87-4520-908a-5b7360f31c77,2025-01-26,2025,1,DL,2738,ATL,"Atlanta, GA",ORD,"Chicago, IL",5.00,4.00,false
4035048f-e1be-4690-8d42-2a0ebadfce96,2025-01-26,2025,1,DL,2738,ORD,"Chicago, IL",ATL,"Atlanta, GA",-6.00,2.00,false
face16ae-1c27-46e2-966f-8f559f3d25b6,2025-01-27,2025,1,DL,2738,ATL,"Atlanta, GA",ORD,"Chicago, IL",-1.00,3.00,false
b0121090-2598-42ae-8169-f471be6ce1cd,2025-01-27,2025,1,DL,2738,ORD,"Chicago, IL",ATL,"Atlanta, GA",-7.00,-18.00,false
b2ff8a7d-1791-46b2-9dec-35a5c6cf3543,2025-01-28,2025,1,DL,2738,ATL,"Atlanta, GA",ORD,"Chicago, IL",-2.00,-4.00,false
4a48d73a-52d6-4c63-a0aa-1d6f175458eb,2025-01-28,2025,1,DL,2738,ORD,"Chicago, IL",ATL,"Atlanta, GA",-9.00,-31.00,false
7d23d401-1603-41fb-b949-5584cd0b3b6d,2025-01-29,2025,1,DL,2738,ATL,"Atlanta, GA",ORD,"Chicago, IL",-7.00,-8.00,false
206722fd-4596-4b9b-bf2d-038e63fc5afc,2025-01-29,2025,1,DL,2738,ORD,"Chicago, IL",ATL,"Atlanta, GA",-2.00,-14.00,false
87173d13-a341-4acc-9b97-dcdbec18e172,2025-01-30,2025,1,DL,2738,ATL,"Atlanta, GA",ORD,"Chicago, IL",-7.00,-10.00,false
7c1e9559-bc30-41b3-9f8b-30bbf06e82db,2025-01-30,2025,1,DL,2738,ORD,"Chicago, IL",ATL,"Atlanta, GA",-1.00,-2.00,false
4a2db0e3-0d6f-4539-9a15-cd5dc91548e3,2025-01-31,2025,1,DL,2738,ATL,"Atlanta, GA",ORD,"Chicago, IL",2.00,0.00,false
ac1c99a7-e243-4a3d-9ee4-f46131c63bc2,2025-01-31,2025,1,DL,2738,ORD,"Chicago, IL",ATL,"Atlanta, GA",-6.00,-14.00,false
233143fd-ce90-4383-973f-0d6638cfd114,2025-01-01,2025,1,DL,2739,ATL,"Atlanta, GA",BDL,"Hartford, CT",-15.00,-25.00,false
629f6563-9227-4930-95bb-0e88cebecf44,2025-01-01,2025,1,DL,2739,BDL,"Hartford, CT",ATL,"Atlanta, GA",-7.00,-5.00,false
d0574fc1-2744-4558-9038-c8b16e0fbf9f,2025-01-02,2025,1,DL,2739,ATL,"Atlanta, GA",BDL,"Hartford, CT",8.00,-3.00,false
dd3869f9-b682-41aa-88d6-50ba5f92960c,2025-01-02,2025,1,DL,2739,BDL,"Hartford, CT",ATL,"Atlanta, GA",-4.00,-18.00,false
cf32231c-71d2-481a-8231-3f492924fba6,2025-01-03,2025,1,DL,2739,ATL,"Atlanta, GA",BDL,"Hartford, CT",-3.00,-10.00,false
4281f1ce-b320-4210-9c69-3a7f2676ba70,2025-01-03,2025,1,DL,2739,BDL,"Hartford, CT",ATL,"Atlanta, GA",-11.00,-22.00,false
29869035-bfc8-40eb-a5fe-e2eeb9e81e4b,2025-01-05,2025,1,DL,2739,ATL,"Atlanta, GA",BDL,"Hartford, CT",-1.00,-9.00,false
461b147f-488c-4cfe-bd8a-7f9170765cf2,2025-01-05,2025,1,DL,2739,BDL,"Hartford, CT",ATL,"Atlanta, GA",-3.00,10.00,false
6840d251-3738-40a2-9e08-27714d45d555,2025-01-06,2025,1,DL,2739,ATL,"Atlanta, GA",BDL,"Hartford, CT",-3.00,-10.00,false
b1344457-b776-4cce-b60d-9cf560427d86,2025-01-06,2025,1,DL,2739,BDL,"Hartford, CT",ATL,"Atlanta, GA",-7.00,-15.00,false
dc990fc6-c3da-4904-a298-be482010710c,2025-01-07,2025,1,DL,2739,ATL,"Atlanta, GA",BDL,"Hartford, CT",-5.00,-6.00,false
249667ce-58a9-4f79-a751-280cc0479f49,2025-01-07,2025,1,DL,2739,BDL,"Hartford, CT",ATL,"Atlanta, GA",-6.00,-23.00,false
0c6d5012-32e1-4aeb-9d46-803fa2897ee7,2025-01-08,2025,1,DL,2739,ATL,"Atlanta, GA",BDL,"Hartford, CT",-9.00,-11.00,false
2f3e15f2-3bd2-4f6e-af6a-07e3d17e9aad,2025-01-08,2025,1,DL,2739,BDL,"Hartford, CT",ATL,"Atlanta, GA",-10.00,-35.00,false
c4521939-8e96-4590-9e3a-bfcffa8a941a,2025-01-09,2025,1,DL,2739,ATL,"Atlanta, GA",BDL,"Hartford, CT",-6.00,-2.00,false
cb1eee2c-26f0-4d7d-b515-58de2f712e70,2025-01-09,2025,1,DL,2739,BDL,"Hartford, CT",ATL,"Atlanta, GA",-8.00,-38.00,false
b1e87138-ca62-40d4-bb62-aa27c577067b,2025-01-10,2025,1,DL,2739,ATL,"Atlanta, GA",BDL,"Hartford, CT",,,true
fb664904-efd4-4a38-bcdd-0177ba710698,2025-01-10,2025,1,DL,2739,BDL,"Hartford, CT",ATL,"Atlanta, GA",299.00,345.00,false
2b35d8e8-7d13-420b-b054-bbfece771726,2025-01-11,2025,1,DL,2739,ATL,"Atlanta, GA",BDL,"Hartford, CT",76.00,80.00,false
7adc53a2-9bb9-4ff6-9b2f-4d6c6bc31e7f,2025-01-11,2025,1,DL,2739,BDL,"Hartford, CT",ATL,"Atlanta, GA",77.00,76.00,false
6336b986-4eec-4770-83ad-0f326b82da8e,2025-01-12,2025,1,DL,2739,ATL,"Atlanta, GA",BDL,"Hartford, CT",22.00,19.00,false
157dc489-f2ac-408c-a0db-8e0662c68677,2025-01-12,2025,1,DL,2739,BDL,"Hartford, CT",ATL,"Atlanta, GA",11.00,2.00,false
0ba117dd-2dbb-46d8-8d9a-455c43daa618,2025-01-13,2025,1,DL,2739,ATL,"Atlanta, GA",BDL,"Hartford, CT",27.00,16.00,false
a3dd27fd-b3e1-45ce-8dd3-9e9d24481163,2025-01-13,2025,1,DL,2739,BDL,"Hartford, CT",ATL,"Atlanta, GA",-7.00,-10.00,false
27feb4db-14ff-47bc-8935-2de17b94c874,2025-01-14,2025,1,DL,2739,ATL,"Atlanta, GA",BDL,"Hartford, CT",-3.00,-7.00,false
cd9ca1d0-4f7d-4aa6-91df-62fa618bb497,2025-01-14,2025,1,DL,2739,BDL,"Hartford, CT",ATL,"Atlanta, GA",-11.00,-8.00,false
332daef1-091f-4d6b-a1aa-fe8ee28c5a2e,2025-01-15,2025,1,DL,2739,ATL,"Atlanta, GA",BDL,"Hartford, CT",-8.00,-13.00,false
41ab0eed-ef93-401e-a09c-bbdb469a8a9f,2025-01-15,2025,1,DL,2739,BDL,"Hartford, CT",ATL,"Atlanta, GA",-12.00,-30.00,false
5b682504-122a-4d5d-b3a4-c7a8c43ae4fc,2025-01-16,2025,1,DL,2739,ATL,"Atlanta, GA",BDL,"Hartford, CT",-1.00,-2.00,false
edde482c-ab22-400f-8c47-3adb968bf1d7,2025-01-16,2025,1,DL,2739,BDL,"Hartford, CT",ATL,"Atlanta, GA",-6.00,-32.00,false
112b13dd-d272-40db-a6a4-e86cca684b1a,2025-01-17,2025,1,DL,2739,ATL,"Atlanta, GA",BDL,"Hartford, CT",-5.00,-5.00,false
83740e41-5647-4dea-9eb3-9d87cd36e840,2025-01-17,2025,1,DL,2739,BDL,"Hartford, CT",ATL,"Atlanta, GA",-10.00,-20.00,false
55b79b6f-3283-4a15-959b-b152deb4b5fd,2025-01-18,2025,1,DL,2739,ATL,"Atlanta, GA",BDL,"Hartford, CT",4.00,-8.00,false
cb6c3d08-e499-4424-a935-6007ababb34f,2025-01-18,2025,1,DL,2739,BDL,"Hartford, CT",ATL,"Atlanta, GA",-9.00,-23.00,false
fb68a08c-b062-4d61-a17f-a768b7b34ebe,2025-01-19,2025,1,DL,2739,ATL,"Atlanta, GA",BDL,"Hartford, CT",-6.00,-21.00,false
9b208861-ab4e-4240-b376-28b0448cb915,2025-01-19,2025,1,DL,2739,BDL,"Hartford, CT",ATL,"Atlanta, GA",-8.00,12.00,false
97f5437d-b332-462a-8b2b-611df39e7e67,2025-01-20,2025,1,DL,2739,ATL,"Atlanta, GA",BDL,"Hartford, CT",-5.00,-20.00,false
a92fae27-aab4-455e-9e99-7a1876fb5d23,2025-01-20,2025,1,DL,2739,BDL,"Hartford, CT",ATL,"Atlanta, GA",0.00,5.00,false
ed1f3ee1-84e0-4025-8f04-8cc96a2a19fc,2025-01-21,2025,1,DL,2739,ATL,"Atlanta, GA",BDL,"Hartford, CT",-7.00,-20.00,false
547ce75a-9c8f-4d69-95e2-10ba3a130bbe,2025-01-21,2025,1,DL,2739,BDL,"Hartford, CT",ATL,"Atlanta, GA",104.00,204.00,false
f1153cb7-4acb-4ba2-b865-4bb36179572e,2025-01-22,2025,1,DL,2739,ATL,"Atlanta, GA",BDL,"Hartford, CT",108.00,101.00,false
89770a31-ce67-455e-9e16-6dfc8c8389e7,2025-01-22,2025,1,DL,2739,BDL,"Hartford, CT",ATL,"Atlanta, GA",75.00,67.00,false
486ffdd9-3c32-4276-9ead-ecd52830d154,2025-01-23,2025,1,DL,2739,ATL,"Atlanta, GA",BDL,"Hartford, CT",-10.00,-29.00,false
04827f7d-29cd-4cf7-8f48-592f921fccd4,2025-01-23,2025,1,DL,2739,BDL,"Hartford, CT",ATL,"Atlanta, GA",-4.00,3.00,false
c44fb2bb-0415-4f16-8d76-36288abd0fe1,2025-01-24,2025,1,DL,2739,ATL,"Atlanta, GA",BDL,"Hartford, CT",-2.00,-7.00,false
f7bfa29e-8fcd-42e2-85b0-b74efba5ab2b,2025-01-24,2025,1,DL,2739,BDL,"Hartford, CT",ATL,"Atlanta, GA",-7.00,-25.00,false
3d330fc8-483c-4322-906c-8130e2c6e650,2025-01-25,2025,1,DL,2739,ATL,"Atlanta, GA",BDL,"Hartford, CT",0.00,-1.00,false
a21fc115-696f-4f5e-a9fc-fbc4daa610c9,2025-01-25,2025,1,DL,2739,BDL,"Hartford, CT",ATL,"Atlanta, GA",-9.00,-19.00,false
4d853463-9734-488b-b723-faa35e0c0d50,2025-01-26,2025,1,DL,2739,ATL,"Atlanta, GA",BDL,"Hartford, CT",-6.00,-9.00,false
63fadec0-88d6-4ab2-a1da-ea99b6683e9f,2025-01-26,2025,1,DL,2739,BDL,"Hartford, CT",ATL,"Atlanta, GA",-7.00,-22.00,false
47ee607c-183b-4ca0-8e10-2ea46a3e20a1,2025-01-27,2025,1,DL,2739,ATL,"Atlanta, GA",BDL,"Hartford, CT",0.00,-5.00,false
026f9a34-482c-4671-95da-3c527d9ff949,2025-01-27,2025,1,DL,2739,BDL,"Hartford, CT",ATL,"Atlanta, GA",-11.00,-26.00,false
24e724e0-7dbe-4f02-be51-201fdfdc8013,2025-01-28,2025,1,DL,2739,ATL,"Atlanta, GA",BDL,"Hartford, CT",-6.00,-5.00,false
10db3cc2-665e-4060-b60e-b8c59e8ce4e9,2025-01-28,2025,1,DL,2739,BDL,"Hartford, CT",ATL,"Atlanta, GA",-10.00,-22.00,false
8457fa3e-fe8e-4fd6-b3da-28dd32aecf8b,2025-01-29,2025,1,DL,2739,ATL,"Atlanta, GA",BDL,"Hartford, CT",-5.00,-13.00,false
7a9c0cb7-70dc-4b7f-a9a2-39939ca157a6,2025-01-29,2025,1,DL,2739,BDL,"Hartford, CT",ATL,"Atlanta, GA",-12.00,-34.00,false
ac0ff6a9-8505-4c01-a204-e0f509441186,2025-01-30,2025,1,DL,2739,ATL,"Atlanta, GA",BDL,"Hartford, CT",-3.00,-7.00,false
f1645064-95d9-4aff-b17a-aedfd5d6b39b,2025-01-30,2025,1,DL,2739,BDL,"Hartford, CT",ATL,"Atlanta, GA",42.00,31.00,false
a77736fa-18a5-4cca-9217-3c8b9ab37cab,2025-01-31,2025,1,DL,2739,ATL,"Atlanta, GA",BDL,"Hartford, CT",-6.00,-12.00,false
cc9be460-6119-4eba-b8c0-77d240017598,2025-01-31,2025,1,DL,2739,BDL,"Hartford, CT",ATL,"Atlanta, GA",-14.00,-9.00,false
f6ba573c-6165-4f8e-9d52-8081040d4bcd,2025-01-01,2025,1,DL,2740,DEN,"Denver, CO",SEA,"Seattle, WA",-2.00,-6.00,false
70981283-7d18-4cb6-bbab-5423e1c7ee3a,2025-01-01,2025,1,DL,2740,SEA,"Seattle, WA",DEN,"Denver, CO",0.00,-17.00,false
edb695bb-a91a-4e8a-9f95-2668290c7de1,2025-01-02,2025,1,DL,2740,DEN,"Denver, CO",SEA,"Seattle, WA",1.00,6.00,false
549422a7-49d8-40f1-aa4e-de895c2cf67e,2025-01-02,2025,1,DL,2740,SEA,"Seattle, WA",DEN,"Denver, CO",0.00,-2.00,false
c02b8427-e265-4df3-9bca-6bf992f9c4eb,2025-01-03,2025,1,DL,2740,DEN,"Denver, CO",SEA,"Seattle, WA",2.00,-17.00,false
6433a521-8468-4cd0-9fa8-21a0cac8497a,2025-01-03,2025,1,DL,2740,SEA,"Seattle, WA",DEN,"Denver, CO",-8.00,-26.00,false
34715dbf-6779-4f85-ad17-041faebfbb55,2025-01-04,2025,1,DL,2740,DEN,"Denver, CO",SEA,"Seattle, WA",2.00,10.00,false
e85a5325-dd74-43ea-aa0b-7b6e8f079b9a,2025-01-04,2025,1,DL,2740,SEA,"Seattle, WA",DEN,"Denver, CO",8.00,-10.00,false
4fad4482-0b47-4184-82aa-e43196240b42,2025-01-05,2025,1,DL,2740,DEN,"Denver, CO",SEA,"Seattle, WA",0.00,-16.00,false
cff51a77-9722-49a3-add2-ca2c71448e69,2025-01-05,2025,1,DL,2740,SEA,"Seattle, WA",DEN,"Denver, CO",-8.00,-14.00,false
bc2b69a7-e0c2-4153-9849-a6e8cad0e0d2,2025-01-01,2025,1,DL,2741,SAN,"San Diego, CA",JFK,"New York, NY",-1.00,-28.00,false
8e0bc8ac-d494-4952-afcf-39bb97906758,2025-01-02,2025,1,DL,2741,SAN,"San Diego, CA",JFK,"New York, NY",809.00,836.00,false
3faf6654-5a0b-40d2-b329-c9e201503336,2025-01-16,2025,1,DL,2741,DTW,"Detroit, MI",MCI,"Kansas City, MO",0.00,3.00,false
122aecda-db0f-4348-80e5-8b004de98008,2025-01-16,2025,1,DL,2741,MCI,"Kansas City, MO",DTW,"Detroit, MI",3.00,4.00,false
ec524e26-36e0-44d7-9b5c-fb02f389bbae,2025-01-17,2025,1,DL,2741,DTW,"Detroit, MI",MCI,"Kansas City, MO",16.00,-5.00,false
34ec709e-444e-4885-b35a-db42fdff417f,2025-01-17,2025,1,DL,2741,MCI,"Kansas City, MO",DTW,"Detroit, MI",442.00,423.00,false
90a3e64f-cd87-4c5c-8926-5cb290940f86,2025-01-20,2025,1,DL,2741,DTW,"Detroit, MI",MCI,"Kansas City, MO",45.00,27.00,false
3377b26f-2a24-453b-8319-009e57fe23af,2025-01-20,2025,1,DL,2741,MCI,"Kansas City, MO",DTW,"Detroit, MI",26.00,13.00,false
973a082a-8d96-45dd-9f72-bb6c82ea7512,2025-01-21,2025,1,DL,2741,DTW,"Detroit, MI",MCI,"Kansas City, MO",3.00,-27.00,false
4115638e-d5d1-45c8-87b4-2ed00d68a4b8,2025-01-21,2025,1,DL,2741,MCI,"Kansas City, MO",DTW,"Detroit, MI",24.00,30.00,false
93ce03ce-8fb1-4dbb-9815-e4a41e5cfa4b,2025-01-22,2025,1,DL,2741,DTW,"Detroit, MI",MCI,"Kansas City, MO",-7.00,-30.00,false
843ba045-3ebb-4f39-a2ec-2504007c2573,2025-01-22,2025,1,DL,2741,MCI,"Kansas City, MO",DTW,"Detroit, MI",-8.00,-15.00,false
9dc6f3c3-bcbe-4ba7-a257-a0a7237aa031,2025-01-23,2025,1,DL,2741,DTW,"Detroit, MI",MCI,"Kansas City, MO",10.00,17.00,false
dd2b110a-995c-4903-a149-c15abaf281b2,2025-01-23,2025,1,DL,2741,MCI,"Kansas City, MO",DTW,"Detroit, MI",16.00,8.00,false
e40af096-c2c5-430c-b89e-f005647db491,2025-01-24,2025,1,DL,2741,DTW,"Detroit, MI",MCI,"Kansas City, MO",-2.00,-29.00,false
045b2b82-5423-4c64-9b12-fce4c0640351,2025-01-24,2025,1,DL,2741,MCI,"Kansas City, MO",DTW,"Detroit, MI",-6.00,-13.00,false
88a5ff96-219b-4a39-9b9a-3b6ed9666e6a,2025-01-26,2025,1,DL,2741,DTW,"Detroit, MI",MCI,"Kansas City, MO",6.00,7.00,false
83a65016-cb17-470f-a4ce-19a6a08dda77,2025-01-26,2025,1,DL,2741,MCI,"Kansas City, MO",DTW,"Detroit, MI",7.00,-11.00,false
5dea60e7-5d33-4e7d-a4fd-05dc01176d2b,2025-01-27,2025,1,DL,2741,DTW,"Detroit, MI",MCI,"Kansas City, MO",-6.00,-36.00,false
34918782-9687-4f5a-bea0-cb13ffb9ee9b,2025-01-27,2025,1,DL,2741,MCI,"Kansas City, MO",DTW,"Detroit, MI",-13.00,-24.00,false
38f8dc69-7b77-4184-8c52-c1b52172d05d,2025-01-28,2025,1,DL,2741,DTW,"Detroit, MI",MCI,"Kansas City, MO",-7.00,-32.00,false
e539b707-fe59-4b99-945c-a853104026ad,2025-01-28,2025,1,DL,2741,MCI,"Kansas City, MO",DTW,"Detroit, MI",-13.00,-23.00,false
2a483b75-2fde-4076-a501-461308ab6dd7,2025-01-29,2025,1,DL,2741,DTW,"Detroit, MI",MCI,"Kansas City, MO",-8.00,-26.00,false
f2b24738-1f60-421c-bf5e-be4e14e7c99e,2025-01-29,2025,1,DL,2741,MCI,"Kansas City, MO",DTW,"Detroit, MI",-18.00,-31.00,false
e2cd7f96-d7d7-486a-af71-b9dd6f577493,2025-01-30,2025,1,DL,2741,DTW,"Detroit, MI",MCI,"Kansas City, MO",-4.00,-17.00,false
81fe5f79-f041-4176-93f8-3e1b3674cdfa,2025-01-30,2025,1,DL,2741,MCI,"Kansas City, MO",DTW,"Detroit, MI",-8.00,-24.00,false
59a9cd26-b661-483d-b3d1-f99d4e13afde,2025-01-31,2025,1,DL,2741,DTW,"Detroit, MI",MCI,"Kansas City, MO",9.00,-10.00,false
4dc2ec9e-b0fa-4e61-9ecf-e42f0d4f83bb,2025-01-31,2025,1,DL,2741,MCI,"Kansas City, MO",DTW,"Detroit, MI",-9.00,-18.00,false
939f2a50-aba5-43d4-b041-c0585cca10fe,2025-01-01,2025,1,DL,2742,DTW,"Detroit, MI",MCO,"Orlando, FL",-9.00,-13.00,false
2d5b6102-4185-4cfa-9189-1c72b4fe01ea,2025-01-01,2025,1,DL,2742,MCO,"Orlando, FL",DTW,"Detroit, MI",3.00,-6.00,false
6ddf3ce3-8fa8-4de4-b70c-decfe4817912,2025-01-02,2025,1,DL,2742,DTW,"Detroit, MI",MCO,"Orlando, FL",-2.00,6.00,false
a3919a4f-2890-4799-a7b0-ee2129415942,2025-01-02,2025,1,DL,2742,MCO,"Orlando, FL",DTW,"Detroit, MI",23.00,17.00,false
1cbe53c1-2755-4254-82d0-85cddcde9314,2025-01-03,2025,1,DL,2742,DTW,"Detroit, MI",MCO,"Orlando, FL",0.00,-15.00,false
9f69191a-9ab6-4030-aaf6-6ac2143c9cfc,2025-01-03,2025,1,DL,2742,MCO,"Orlando, FL",DTW,"Detroit, MI",-6.00,5.00,false
acfbdf25-b221-463e-ad8e-2c4e290c2388,2025-01-04,2025,1,DL,2742,DTW,"Detroit, MI",MCO,"Orlando, FL",8.00,17.00,false
8f7c5fad-7896-47d8-91ad-2c2b4c7b4f6f,2025-01-04,2025,1,DL,2742,MCO,"Orlando, FL",DTW,"Detroit, MI",41.00,56.00,false
9b6222e7-a575-4fbe-b33b-b9834463a851,2025-01-05,2025,1,DL,2742,DTW,"Detroit, MI",MCO,"Orlando, FL",-7.00,-11.00,false
0034aed3-3aa9-4c94-9439-c0c8756acb65,2025-01-05,2025,1,DL,2742,MCO,"Orlando, FL",DTW,"Detroit, MI",4.00,-10.00,false
43471c62-f8f8-419f-a4ac-64d4facfe00f,2025-01-01,2025,1,DL,2743,SEA,"Seattle, WA",SNA,"Santa Ana, CA",-2.00,-16.00,false
a9976505-5d56-4fd7-b3f9-0143dedd3d5a,2025-01-02,2025,1,DL,2743,SEA,"Seattle, WA",SNA,"Santa Ana, CA",-8.00,,false
7f3b21df-bb32-4c85-88d7-30f2a8fc1da9,2025-01-03,2025,1,DL,2743,SEA,"Seattle, WA",SNA,"Santa Ana, CA",-5.00,-25.00,false
4b354077-4b38-4a5d-889d-e40bac4bbff1,2025-01-04,2025,1,DL,2743,SEA,"Seattle, WA",SNA,"Santa Ana, CA",-1.00,-15.00,false
f26163c0-d5a8-48ce-9e70-45a81fac5cae,2025-01-05,2025,1,DL,2743,SEA,"Seattle, WA",SNA,"Santa Ana, CA",-11.00,-32.00,false
04a5470f-3b56-48eb-9066-3689dc1c9f1e,2025-01-01,2025,1,DL,2744,MSP,"Minneapolis, MN",JFK,"New York, NY",-2.00,-23.00,false
f4ab1503-36f8-407a-bd2d-abc1b1399b75,2025-01-02,2025,1,DL,2744,MSP,"Minneapolis, MN",JFK,"New York, NY",-6.00,-4.00,false
cf569437-4f38-478a-90f5-5a7723380810,2025-01-03,2025,1,DL,2744,MSP,"Minneapolis, MN",JFK,"New York, NY",-5.00,-13.00,false
f8a9b650-31a5-435c-babd-ae411e3c0b93,2025-01-04,2025,1,DL,2744,TPA,"Tampa, FL",BOS,"Boston, MA",58.00,52.00,false
7fa0b78d-7f3f-4dff-8a23-0ad8b027774a,2025-01-05,2025,1,DL,2744,TPA,"Tampa, FL",JFK,"New York, NY",-2.00,9.00,false
ad1331b7-71ef-4061-a9b6-44566935aca2,2025-01-01,2025,1,DL,2745,CLT,"Charlotte, NC",ATL,"Atlanta, GA",77.00,59.00,false
de12c444-a2e1-4aac-b314-0472b126a8fc,2025-01-02,2025,1,DL,2745,CLT,"Charlotte, NC",ATL,"Atlanta, GA",-3.00,-12.00,false
e45f64d6-0b80-4e88-938e-353b2d759ae8,2025-01-03,2025,1,DL,2745,CLT,"Charlotte, NC",ATL,"Atlanta, GA",-3.00,-22.00,false
6a9d2bc1-246f-4972-b740-8d684fc209df,2025-01-04,2025,1,DL,2745,CLT,"Charlotte, NC",ATL,"Atlanta, GA",15.00,8.00,false
8dd4b4a6-349d-4f4f-9cb3-38c92d881696,2025-01-05,2025,1,DL,2745,CLT,"Charlotte, NC",ATL,"Atlanta, GA",-4.00,-20.00,false
fe3657a2-2bc7-4ca7-a109-22f48a6c273a,2025-01-01,2025,1,DL,2746,DFW,"Dallas/Fort Worth, TX",DTW,"Detroit, MI",19.00,-1.00,false
c37bf476-fd82-4483-a695-5675adf43ea8,2025-01-01,2025,1,DL,2746,DTW,"Detroit, MI",DFW,"Dallas/Fort Worth, TX",8.00,20.00,false
53d8ffd3-690f-471d-8b78-49067dbe3188,2025-01-02,2025,1,DL,2746,DFW,"Dallas/Fort Worth, TX",DTW,"Detroit, MI",4.00,2.00,false
ca0234e3-123b-4980-b085-ff19936dffb5,2025-01-02,2025,1,DL,2746,DTW,"Detroit, MI",DFW,"Dallas/Fort Worth, TX",-3.00,7.00,false
7cef9ecc-045b-4257-9507-ae254a12a375,2025-01-03,2025,1,DL,2746,DFW,"Dallas/Fort Worth, TX",DTW,"Detroit, MI",0.00,4.00,false
28eef2e5-8dc5-46a6-a754-2b768309626a,2025-01-03,2025,1,DL,2746,DTW,"Detroit, MI",DFW,"Dallas/Fort Worth, TX",3.00,10.00,false
0f943f46-73ea-4bfe-82c5-b4d4ca276d7f,2025-01-04,2025,1,DL,2746,DFW,"Dallas/Fort Worth, TX",DTW,"Detroit, MI",26.00,16.00,false
9032f870-ee5f-4c12-ab0e-c466a9efabf4,2025-01-04,2025,1,DL,2746,DTW,"Detroit, MI",DFW,"Dallas/Fort Worth, TX",8.00,9.00,false
40268559-257c-4183-bbf1-e4fc97fc7480,2025-01-05,2025,1,DL,2746,DFW,"Dallas/Fort Worth, TX",DTW,"Detroit, MI",23.00,38.00,false
fd71b9cc-2249-4516-bc0f-e85582eb7259,2025-01-05,2025,1,DL,2746,DTW,"Detroit, MI",DFW,"Dallas/Fort Worth, TX",11.00,27.00,false
406de720-a308-4220-a498-afe79bcee784,2025-01-06,2025,1,DL,2746,DFW,"Dallas/Fort Worth, TX",DTW,"Detroit, MI",-5.00,-20.00,false
f9fd59db-7f68-40e9-838e-99f280a9d4b6,2025-01-06,2025,1,DL,2746,DTW,"Detroit, MI",DFW,"Dallas/Fort Worth, TX",-1.00,-12.00,false
edd8cc5a-2582-40d1-82ea-ad1ab13174c8,2025-01-07,2025,1,DL,2746,DFW,"Dallas/Fort Worth, TX",DTW,"Detroit, MI",-1.00,-13.00,false
2439036c-09fe-4355-9652-2c0fe87e072e,2025-01-07,2025,1,DL,2746,DTW,"Detroit, MI",DFW,"Dallas/Fort Worth, TX",-5.00,-29.00,false
fc9b6ed1-492f-43ba-8966-f2bf3b75102e,2025-01-08,2025,1,DL,2746,DFW,"Dallas/Fort Worth, TX",DTW,"Detroit, MI",1.00,-12.00,false
76c39dff-c12b-4fc6-81d8-1e77feec7984,2025-01-08,2025,1,DL,2746,DTW,"Detroit, MI",DFW,"Dallas/Fort Worth, TX",1.00,-13.00,false
d3119cfb-b039-4150-b8a5-72b3b5d04b74,2025-01-09,2025,1,DL,2746,DFW,"Dallas/Fort Worth, TX",DTW,"Detroit, MI",,,true
2fa79fbb-4655-4684-91bb-a7a46e20901e,2025-01-09,2025,1,DL,2746,DTW,"Detroit, MI",DFW,"Dallas/Fort Worth, TX",77.00,,true
83f4d593-27f1-408f-8c8f-de79137b2cef,2025-01-10,2025,1,DL,2746,DFW,"Dallas/Fort Worth, TX",DTW,"Detroit, MI",2.00,15.00,false
