ID,FlightDate,Year,Month,Reporting_Airline,Tail_Number,Flight_Number_Reporting,Origin,Dest,CarrierDelay,WeatherDelay,NASDelay,SecurityDelay,LateAircraftDelay,DepDelay,ArrDelay,Cancelled
41b41711-ba4b-414c-883f-1d25a94e0b15,2025-01-01,2025,1,AA,N104NN,1,JFK,LAX,,,,,,-3.00,-7.00,false
230b3587-6e59-49e7-89c6-975d83ede5c5,2025-01-02,2025,1,AA,N110AN,1,JFK,LAX,,,,,,-7.00,2.00,false
6092a163-bb7e-4982-ab98-25e987da967d,2025-01-03,2025,1,AA,N106NN,1,JFK,LAX,,,,,,-7.00,-17.00,false
df492927-2426-437b-9151-37785dff2130,2025-01-04,2025,1,AA,N117AN,1,JFK,LAX,,,,,,-7.00,-10.00,false
85e45239-0245-451d-ad59-f20fd3a3ea3c,2025-01-05,2025,1,AA,N104NN,1,JFK,LAX,,,,,,-4.00,-7.00,false
ea6bcdee-f575-4354-a435-0ae7fdcc6207,2025-01-06,2025,1,AA,N105NN,1,JFK,LAX,,,,,,4.00,-8.00,false
0a5df9d2-a1e2-4c60-bcfe-5f0dff62e320,2025-01-07,2025,1,AA,N109NN,1,JFK,LAX,,,,,,-5.00,-40.00,false
e42ae7d7-cd8e-430e-994f-48cca2dbd8d3,2025-01-08,2025,1,AA,N106NN,1,JFK,LAX,,,,,,-8.00,-52.00,false
726d856a-2150-4886-bdca-0183c382fc53,2025-01-09,2025,1,AA,N105NN,1,JFK,LAX,,,,,,-5.00,-46.00,false
5cdf607f-0e1f-4ef0-9713-47aa58a820ba,2025-01-10,2025,1,AA,N107NN,1,JFK,LAX,,,,,,0.00,-35.00,false
be1b72c3-3cd5-47d2-8775-b46d17ff826d,2025-01-11,2025,1,AA,N101NN,1,JFK,LAX,,,,,,-7.00,13.00,false
14357610-22ea-450a-867c-42eb8c315391,2025-01-12,2025,1,AA,N112AN,1,JFK,LAX,204.00,0.00,41.00,0.00,0.00,204.00,245.00,false
3e7c4668-dc8e-4b6b-9183-2c63d0e98c35,2025-01-13,2025,1,AA,N104NN,1,JFK,LAX,,,,,,-3.00,-1.00,false
25af680c-aea2-4044-9931-6a4af2aed2c5,2025-01-14,2025,1,AA,N103NN,1,JFK,LAX,,,,,,8.00,-12.00,false
aaab0591-74cb-4eeb-9134-b07b3504c18a,2025-01-15,2025,1,AA,N111ZM,1,JFK,LAX,,,,,,-6.00,-58.00,false
e1dfad9e-7755-4a51-b3d3-663af11434b1,2025-01-16,2025,1,AA,N107NN,1,JFK,LAX,,,,,,-6.00,-46.00,false
03235fc1-04c6-49e5-b1d3-40d38d50b9bc,2025-01-17,2025,1,AA,N117AN,1,JFK,LAX,,,,,,-5.00,-29.00,false
404fc625-2bbb-476a-84ab-666524a5f130,2025-01-18,2025,1,AA,N108NN,1,JFK,LAX,,,,,,-7.00,5.00,false
385e0ac6-1e39-4d03-96f1-d8e02a3f0801,2025-01-19,2025,1,AA,N106NN,1,JFK,LAX,,,,,,-9.00,-26.00,false
37b7405f-56bd-465d-8f11-b413c9569074,2025-01-20,2025,1,AA,N101NN,1,JFK,LAX,,,,,,-5.00,-25.00,false
f5562034-f315-4937-9f96-67dc901ea54b,2025-01-21,2025,1,AA,N108NN,1,JFK,LAX,,,,,,-6.00,-33.00,false
9990b0de-951d-49f2-9324-e58332306a2a,2025-01-22,2025,1,AA,N111ZM,1,JFK,LAX,,,,,,-8.00,-26.00,false
31cdd186-388a-4ae3-bf70-d24a58f8d626,2025-01-23,2025,1,AA,N103NN,1,JFK,LAX,,,,,,-4.00,-43.00,false
8c334bcf-eafd-4af5-8c20-18cabf064a34,2025-01-24,2025,1,AA,N108NN,1,JFK,LAX,,,,,,0.00,-15.00,false
52a13265-a6ec-4b56-9c89-092217402b73,2025-01-25,2025,1,AA,N106NN,1,JFK,LAX,,,,,,-5.00,4.00,false
5330b295-c351-491f-8531-851d8583fdc6,2025-01-26,2025,1,AA,N117AN,1,JFK,LAX,0.00,0.00,25.00,0.00,0.00,-6.00,25.00,false
d9be4012-0291-41fe-b38c-bb49d966eb9b,2025-01-27,2025,1,AA,N110AN,1,JFK,LAX,,,,,,-5.00,-48.00,false
04d1a76b-b3a3-441e-85e0-c3028b3a1c26,2025-01-28,2025,1,AA,N109NN,1,JFK,LAX,,,,,,-5.00,-34.00,false
7dce6dba-d499-4864-97df-b1d8f675250b,2025-01-29,2025,1,AA,N108NN,1,JFK,LAX,,,,,,-8.00,-23.00,false
e401546c-5652-4f9a-af8a-0a1d0d95bc24,2025-01-30,2025,1,AA,N101NN,1,JFK,LAX,,,,,,-7.00,-17.00,false
7aca5982-7951-4792-aff6-7a31542b4f5f,2025-01-31,2025,1,AA,N107NN,1,JFK,LAX,,,,,,2.00,-30.00,false
01a02005-8588-474c-a895-f71de43a72f7,2025-01-01,2025,1,AA,N116AN,2,LAX,JFK,,,,,,-4.00,-47.00,false
4388c7c8-ce84-49c2-a91a-c79207ee03db,2025-01-02,2025,1,AA,N107NN,2,LAX,JFK,,,,,,-7.00,-46.00,false
c3d51e95-7041-4e3e-a4cd-d6fa5e337daf,2025-01-03,2025,1,AA,N116AN,2,LAX,JFK,,,,,,-1.00,-8.00,false
599fd250-9953-4c9b-b8f5-1d8ff882bc8f,2025-01-04,2025,1,AA,N110AN,2,LAX,JFK,,,,,,-1.00,-25.00,false
d430041b-52d1-4c8b-9047-4638349902a8,2025-01-05,2025,1,AA,N106NN,2,LAX,JFK,,,,,,-3.00,-18.00,false
2a2843c2-9bae-4a51-9fdf-017c684dd0db,2025-01-06,2025,1,AA,N103NN,2,LAX,JFK,,,,,,-2.00,-16.00,false
65dc1e26-4f33-497c-9336-90723dd79ec2,2025-01-07,2025,1,AA,N113AN,2,LAX,JFK,,,,,,-9.00,-26.00,false
9ed59e59-28a8-43c9-b794-b528fc5642d7,2025-01-08,2025,1,AA,N117AN,2,LAX,JFK,,,,,,-6.00,-14.00,false
71bdb5e8-e6a9-484b-ba6b-da7e6878355b,2025-01-09,2025,1,AA,N106NN,2,LAX,JFK,,,,,,-8.00,-22.00,false
713174c4-0b0e-4728-a512-0a48028b1d42,2025-01-10,2025,1,AA,N109NN,2,LAX,JFK,,,,,,-1.00,-10.00,false
d167a12d-c847-4627-8e83-c8cc6c68da0d,2025-01-11,2025,1,AA,N110AN,2,LAX,JFK,,,,,,-6.00,-14.00,false
2bb8f541-0d5e-4690-9dd9-9cb22b27335d,2025-01-12,2025,1,AA,N101NN,2,LAX,JFK,,,,,,-8.00,-53.00,false
1b1bf3e1-71af-4561-9b2d-52a3bc413be4,2025-01-13,2025,1,AA,N112AN,2,LAX,JFK,,,,,,-1.00,-39.00,false
7241ee3b-7134-4ed1-bbce-bcae901e6503,2025-01-14,2025,1,AA,N101NN,2,LAX,JFK,,,,,,-11.00,-20.00,false
831bd170-5ed5-40a0-a898-2643472e1432,2025-01-15,2025,1,AA,N108NN,2,LAX,JFK,,,,,,-10.00,-10.00,false
65ed2edb-e370-485c-acaa-84aefd06c988,2025-01-16,2025,1,AA,N102NN,2,LAX,JFK,,,,,,-12.00,-15.00,false
94f305fa-25f2-403f-b797-85144cd41a02,2025-01-17,2025,1,AA,N107NN,2,LAX,JFK,,,,,,-8.00,-19.00,false
d22e86e7-3232-4665-8a7c-20b7faa76741,2025-01-18,2025,1,AA,N111ZM,2,LAX,JFK,,,,,,-5.00,-38.00,false
c750fae1-f4c9-4acc-af67-d36985846ba0,2025-01-19,2025,1,AA,N107NN,2,LAX,JFK,,,,,,-6.00,-21.00,false
afc8950c-9213-409a-9994-0987fa3df36e,2025-01-20,2025,1,AA,N102NN,2,LAX,JFK,,,,,,-13.00,-62.00,false
f30d86b7-f2c7-48b6-892c-9b47d6f11f49,2025-01-21,2025,1,AA,N102NN,2,LAX,JFK,,,,,,-9.00,-21.00,false
4d2e2fd5-a86a-4d3e-b6c8-2506f2822bdf,2025-01-22,2025,1,AA,N105NN,2,LAX,JFK,,,,,,-5.00,-26.00,false
ed9dd177-66fc-4be8-98df-3952fcdb5079,2025-01-23,2025,1,AA,N111ZM,2,LAX,JFK,,,,,,-5.00,,false
d31099b6-20a6-4ef4-828a-648fcd35ab89,2025-01-24,2025,1,AA,N112AN,2,LAX,JFK,,,,,,-11.00,-41.00,false
5164f713-27c3-4ed3-ada2-ea849c593f95,2025-01-25,2025,1,AA,N103NN,2,LAX,JFK,,,,,,-5.00,-47.00,false
86895341-6fa4-4f5f-8588-6544cb80c28d,2025-01-26,2025,1,AA,N116AN,2,LAX,JFK,,,,,,-9.00,-39.00,false
f0129ea3-e768-498d-b296-d339a8ce392b,2025-01-27,2025,1,AA,N102NN,2,LAX,JFK,,,,,,12.00,-17.00,false
93058a36-790f-4c68-943d-5d8587c3d557,2025-01-28,2025,1,AA,N112AN,2,LAX,JFK,,,,,,-9.00,-43.00,false
66256fd8-44c4-453a-bb93-c3c9ac29eff9,2025-01-29,2025,1,AA,N111ZM,2,LAX,JFK,,,,,,-6.00,-42.00,false
5a600ef8-28d7-49b0-8389-16f77551a158,2025-01-30,2025,1,AA,N102NN,2,LAX,JFK,,,,,,-7.00,-35.00,false
6c77ed6a-c921-4435-a5c1-a00479eb6653,2025-01-31,2025,1,AA,N109NN,2,LAX,JFK,0.00,0.00,0.00,0.00,316.00,326.00,316.00,false
d90b4a14-44fc-45d3-b8eb-3e8c9864da8a,2025-01-06,2025,1,AA,N106NN,3,JFK,LAS,,,,,,-9.00,-23.00,false
d1cecfc7-58a5-4dc3-82a2-40e7f688c2fd,2025-01-01,2025,1,AA,N110AN,3,JFK,LAX,,,,,,-9.00,-33.00,false
6f8f1669-51fe-4841-b5c6-59d44a515f67,2025-01-02,2025,1,AA,N109NN,3,JFK,LAX,,,,,,-4.00,-9.00,false
4a7f7701-ebfe-4d7b-82df-e8c299aba594,2025-01-03,2025,1,AA,N103NN,3,JFK,LAX,,,,,,-6.00,-9.00,false
49f89d67-06b4-440a-963e-0ec7e1fcf290,2025-01-04,2025,1,AA,N112AN,3,JFK,LAX,,,,,,-4.00,3.00,false
87b3e481-8a65-4095-a625-b2ab6084b53a,2025-01-05,2025,1,AA,N111ZM,3,JFK,LAX,,,,,,-5.00,-7.00,false
3a3e3863-0620-4ec3-99de-1f52fa3d3de4,2025-01-07,2025,1,AA,N108NN,3,JFK,LAX,,,,,,-5.00,-14.00,false
b1408f32-98cd-45c8-9c4e-ce0d6930c0e8,2025-01-08,2025,1,AA,N111ZM,3,JFK,LAX,,,,,,-2.00,-59.00,false
5c6dd431-dd3b-440c-a2e5-ff3a7191c0f7,2025-01-10,2025,1,AA,N117AN,3,JFK,LAX,,,,,,9.00,-37.00,false
24b44448-4a66-4d3c-a983-93c6d7ce4265,2025-01-11,2025,1,AA,N116AN,3,JFK,LAX,,,,,,-8.00,-10.00,false
cdef7b58-82b7-4614-abcf-dcbbf7c422ec,2025-01-13,2025,1,AA,N108NN,3,JFK,LAX,,,,,,1.00,-7.00,false
10f146da-d9dc-4e25-8e32-c5de82311530,2025-01-14,2025,1,AA,N111ZM,3,JFK,LAX,,,,,,-2.00,-43.00,false
7f2471c1-7c9c-44a8-a345-3a45d179075d,2025-01-15,2025,1,AA,N116AN,3,JFK,LAX,,,,,,-7.00,-54.00,false
107d8010-c5eb-4e7b-bab0-5596b34b5d28,2025-01-17,2025,1,AA,N110AN,3,JFK,LAX,,,,,,-3.00,-32.00,false
7912053c-7380-4d4f-a69c-5a526e443e39,2025-01-18,2025,1,AA,N106NN,3,JFK,LAX,,,,,,12.00,-18.00,false
5eb88371-1dbc-48e1-bd1a-8ceba4a5a86a,2025-01-19,2025,1,AA,N116AN,3,JFK,LAX,,,,,,0.00,-17.00,false
28288f94-c3df-4bc7-baf1-0d7caa6df4c4,2025-01-20,2025,1,AA,N109NN,3,JFK,LAX,,,,,,27.00,13.00,false
509c011e-42c6-4263-87ee-8c5bbe3f9ee3,2025-01-21,2025,1,AA,N111ZM,3,JFK,LAX,,,,,,-1.00,-25.00,false
a344894c-80bf-4b64-bbca-718cd8a28bbc,2025-01-22,2025,1,AA,N102NN,3,JFK,LAX,,,,,,-6.00,-34.00,false
27cfeffd-c1c6-4ac6-bd27-dc1dcc114d71,2025-01-23,2025,1,AA,N105NN,3,JFK,LAX,,,,,,-2.00,-46.00,false
ae0f27cc-903a-438f-acdf-8d7a633357b7,2025-01-24,2025,1,AA,N106NN,3,JFK,LAX,,,,,,-2.00,-10.00,false
5e238d1c-6db5-4f3f-90b4-6063e55c17c3,2025-01-25,2025,1,AA,N101NN,3,JFK,LAX,,,,,,-5.00,-2.00,false
354fa996-0f9a-4fc5-9b37-56ebd55f485a,2025-01-26,2025,1,AA,N112AN,3,JFK,LAX,,,,,,,,true
60e41233-9908-40fa-8018-770453fe7220,2025-01-27,2025,1,AA,N104NN,3,JFK,LAX,122.00,0.00,0.00,0.00,0.00,155.00,122.00,false
bc039d74-0deb-46ce-bf2f-633c0c66f1d0,2025-01-28,2025,1,AA,N106NN,3,JFK,LAX,,,,,,-8.00,-55.00,false
32742974-6ee7-4771-991f-b31fb0e8afa5,2025-01-29,2025,1,AA,N106NN,3,JFK,LAX,,,,,,-6.00,-40.00,false
86312dad-8ed1-4bdd-8b6f-db57a1832d46,2025-01-30,2025,1,AA,N111ZM,3,JFK,LAX,,,,,,-9.00,-52.00,false
25ca6b26-b5ac-4f3a-9424-477a70a4057f,2025-01-31,2025,1,AA,N104NN,3,JFK,LAX,,,,,,-7.00,-44.00,false
4ee9092d-fdc7-4a38-8579-4e89ef636a1b,2025-01-01,2025,1,AA,N103NN,4,LAX,JFK,,,,,,41.00,-5.00,false
ef21691f-f5e2-49d4-8e7e-2dfb0ee354d0,2025-01-02,2025,1,AA,N110AN,4,LAX,JFK,,,,,,-7.00,-35.00,false
b2549b60-6496-4440-8b38-3ed4db357fa3,2025-01-03,2025,1,AA,N106NN,4,LAX,JFK,,,,,,-3.00,8.00,false
9c300277-48d3-4d37-addd-9726216639e7,2025-01-04,2025,1,AA,N117AN,4,LAX,JFK,,,,,,-9.00,-25.00,false
795cf8bc-29d8-40aa-ac21-e656c42c04e1,2025-01-05,2025,1,AA,N104NN,4,LAX,JFK,,,,,,-4.00,-17.00,false
ba9ea0f7-d031-4727-a174-4cbf177614db,2025-01-06,2025,1,AA,N105NN,4,LAX,JFK,,,,,,-9.00,-20.00,false
f0a7212d-6c30-4699-93c9-e3fd018ef532,2025-01-07,2025,1,AA,N108NN,4,LAX,JFK,,,,,,-4.00,-24.00,false
f1a9daa2-244f-4e03-9a8c-45273c92a52f,2025-01-08,2025,1,AA,N108NN,4,LAX,JFK,,,,,,-4.00,4.00,false
8c1201cd-3efc-41bf-b60d-09578a7ca8cd,2025-01-10,2025,1,AA,N117AN,4,LAX,JFK,14.00,0.00,7.00,0.00,33.00,47.00,54.00,false
cdfa1de8-52bc-4034-92cf-19d0e2731ebb,2025-01-11,2025,1,AA,N113AN,4,LAX,JFK,,,,,,-10.00,-49.00,false
e76bcc52-dd89-4f1f-a0b1-a6f102d4576e,2025-01-13,2025,1,AA,N108NN,4,LAX,JFK,,,,,,-9.00,-40.00,false
3d63da9a-2cd5-4606-bb82-a717ef11d667,2025-01-14,2025,1,AA,N111ZM,4,LAX,JFK,,,,,,-5.00,-27.00,false
8144989d-8250-4fa5-a4aa-91ebf4025e5c,2025-01-15,2025,1,AA,N116AN,4,LAX,JFK,,,,,,-6.00,-19.00,false
2f39475c-2193-4bca-9799-371c4a4a145a,2025-01-17,2025,1,AA,N106NN,4,LAX,JFK,0.00,0.00,0.00,0.00,535.00,555.00,535.00,false
e4581534-2a4c-446a-97f7-3f88860f9f18,2025-01-18,2025,1,AA,N106NN,4,LAX,JFK,,,,,,-3.00,-34.00,false
2c9f916c-a744-4038-89fc-bdc62cc41d6d,2025-01-19,2025,1,AA,N116AN,4,LAX,JFK,0.00,0.00,36.00,0.00,0.00,0.00,36.00,false
dd49407a-b300-4437-88a0-4286988e3e29,2025-01-20,2025,1,AA,N109NN,4,LAX,JFK,,,,,,3.00,-25.00,false
7248352d-4465-42fb-9e02-c26045cfa924,2025-01-21,2025,1,AA,N111ZM,4,LAX,JFK,,,,,,-6.00,-21.00,false
abdd3e03-d44c-4b61-8e33-2fe777c344fe,2025-01-22,2025,1,AA,N102NN,4,LAX,JFK,44.00,0.00,0.00,0.00,0.00,70.00,44.00,false
d0a7f378-213b-448a-bb4d-6e622dac2e8f,2025-01-23,2025,1,AA,N105NN,4,LAX,JFK,,,,,,-8.00,-30.00,false
1554c9ed-f40e-48de-9e7f-823e8ceb5055,2025-01-24,2025,1,AA,N106NN,4,LAX,JFK,,,,,,-6.00,-31.00,false
cdca589d-3c31-46a0-bddd-0e7ab067d041,2025-01-25,2025,1,AA,N101NN,4,LAX,JFK,115.00,0.00,0.00,0.00,0.00,155.00,115.00,false
59829cb1-377d-4212-8286-9885c22b52c8,2025-01-26,2025,1,AA,N103NN,4,LAX,JFK,,,,,,-2.00,-50.00,false
8be1c918-3819-41a4-9086-b91c2c154bea,2025-01-27,2025,1,AA,N106NN,4,LAX,JFK,,,,,,-5.00,-37.00,false
a024a272-cf84-449f-b20c-1ea94e0174b2,2025-01-28,2025,1,AA,N105NN,4,LAX,JFK,,,,,,-11.00,-30.00,false
0feeaf20-250f-4dbf-9046-e92f6c9c5bd7,2025-01-29,2025,1,AA,N106NN,4,LAX,JFK,,,,,,12.00,-6.00,false
fb369d9e-662f-42cc-adfa-39a569adde90,2025-01-30,2025,1,AA,N111ZM,4,LAX,JFK,,,,,,-10.00,-24.00,false
33556312-455e-4f89-a95f-bcf8420d9d1f,2025-01-31,2025,1,AA,N101NN,4,LAX,JFK,172.00,0.00,0.00,0.00,205.00,397.00,377.00,false
a2e0562a-e486-4640-b3d3-72ce1d8a9f4f,2025-01-01,2025,1,AA,N934AN,5,MSY,ORD,6.00,0.00,15.00,0.00,143.00,149.00,164.00,false
cc6e31fa-58ec-4dc3-a932-4a84fe948c3a,2025-01-01,2025,1,AA,N934AN,5,ORD,MSY,,,,,,1.00,,false
40e79953-ae4f-4295-bdb1-c62ad5e04424,2025-01-01,2025,1,AA,N601AW,9,ABQ,DFW,7.00,0.00,10.00,0.00,0.00,7.00,17.00,false
ed37ee33-76da-4f6b-95e9-a0bdf62a306b,2025-01-02,2025,1,AA,N856NN,9,ABQ,DFW,0.00,0.00,0.00,0.00,133.00,147.00,133.00,false
6e9444f3-7a5a-491f-b2ed-14be43d8686a,2025-01-03,2025,1,AA,N604AW,9,ABQ,DFW,5.00,0.00,0.00,0.00,30.00,45.00,35.00,false
62314493-7947-4065-8ca8-1e6e6806e09c,2025-01-04,2025,1,AA,N837AW,9,ABQ,DFW,,,,,,-7.00,-26.00,false
1fcbf50f-9d7f-4b5e-b470-b74244fa684b,2025-01-05,2025,1,AA,N864NN,9,ABQ,DFW,,,,,,,,true
67cc0d8c-3a1a-475e-b443-91f137bbcddd,2025-01-06,2025,1,AA,N985NN,9,ABQ,DFW,0.00,0.00,0.00,0.00,30.00,42.00,30.00,false
35894ab4-b991-401b-a093-33894564b5c7,2025-01-07,2025,1,AA,N982NN,9,ABQ,DFW,,,,,,-8.00,-5.00,false
aa293063-9d6d-4387-a4e0-c89a2b4641f6,2025-01-08,2025,1,AA,N958NN,9,ABQ,DFW,,,,,,-4.00,-6.00,false
bacf948a-1154-4a3a-b949-b2efdd7cc2cd,2025-01-09,2025,1,AA,N913NN,9,ABQ,DFW,,,,,,,,true
702db120-8cfd-47ba-905b-e18487beeda6,2025-01-10,2025,1,AA,N933AN,9,ABQ,DFW,,,,,,-5.00,-4.00,false
b8ba4d7d-68c8-4d75-991f-187648815daf,2025-01-11,2025,1,AA,N748UW,9,ABQ,DFW,,,,,,-10.00,-26.00,false
45f388da-2a76-4df9-9a69-908efebc71f3,2025-01-12,2025,1,AA,N919AN,9,ABQ,DFW,,,,,,2.00,4.00,false
60a2283f-6528-473c-ad92-21f0d0ef1889,2025-01-13,2025,1,AA,N980AN,9,ABQ,DFW,,,,,,1.00,-2.00,false
f630f7ce-b3dd-4c22-bce0-3c06c980974a,2025-01-14,2025,1,AA,N884NN,9,ABQ,DFW,,,,,,-3.00,-8.00,false
755c7129-081e-4d99-a4dc-9e33593da470,2025-01-15,2025,1,AA,N833NN,9,ABQ,DFW,,,,,,-7.00,-1.00,false
6cc8874c-3060-4656-bce0-838991b7e7d9,2025-01-16,2025,1,AA,N842NN,9,ABQ,DFW,,,,,,-8.00,-19.00,false
d14d1b91-89c4-478a-9967-c76631931f4b,2025-01-17,2025,1,AA,N981NN,9,ABQ,DFW,,,,,,-10.00,-13.00,false
468021b7-8919-48a8-9f43-0a9ca64b48f3,2025-01-18,2025,1,AA,N722US,9,ABQ,DFW,,,,,,16.00,12.00,false
6eac08e9-5f1a-4d50-bb05-ba823b4abf5e,2025-01-19,2025,1,AA,N941NN,9,ABQ,DFW,,,,,,-9.00,-11.00,false
5858f729-6fd2-4812-bbb1-f8d10f3d1592,2025-01-20,2025,1,AA,N926AN,9,ABQ,DFW,,,,,,-7.00,-9.00,false
086b3557-d72d-4ee6-80db-2f382ac33666,2025-01-21,2025,1,AA,N849NN,9,ABQ,DFW,,,,,,-10.00,-5.00,false
f5911f76-c1fd-4fe8-b858-c5cec5a258a2,2025-01-22,2025,1,AA,N959AN,9,ABQ,DFW,,,,,,-9.00,-12.00,false
02a8ae5e-dd8a-4b57-a0b3-10d745b88772,2025-01-23,2025,1,AA,N917AN,9,ABQ,DFW,0.00,0.00,4.00,0.00,19.00,19.00,23.00,false
9138812f-6f05-4bab-9e14-fab175f1b483,2025-01-24,2025,1,AA,N981NN,9,ABQ,DFW,,,,,,-10.00,-12.00,false
e1364f2d-3950-4396-bae8-19c97a627be4,2025-01-25,2025,1,AA,N762US,9,ABQ,DFW,,,,,,-15.00,-27.00,false
05a60b45-759c-4858-94c6-a54a0877521d,2025-01-26,2025,1,AA,N924NN,9,ABQ,DFW,,,,,,-13.00,-20.00,false
eb0b928c-9e72-4269-90e1-2a3c82156f61,2025-01-27,2025,1,AA,N890NN,9,ABQ,DFW,,,,,,-11.00,-28.00,false
f1b4dcaf-13f3-4841-9399-c78bfb657046,2025-01-28,2025,1,AA,N956NN,9,ABQ,DFW,,,,,,-7.00,-16.00,false
e4d76730-63c4-46fa-9638-e82bbca07218,2025-01-29,2025,1,AA,N905AN,9,ABQ,DFW,0.00,0.00,72.00,0.00,34.00,34.00,106.00,false
daa1d52c-6a69-4513-adaf-1081ea9b2446,2025-01-30,2025,1,AA,N944AN,9,ABQ,DFW,,,,,,-5.00,-1.00,false
5e5e01f3-e116-41b3-ab35-d015e62fc03f,2025-01-31,2025,1,AA,N998NN,9,ABQ,DFW,,,,,,-10.00,0.00,false
389f71c0-f4fc-40db-a900-727ea1f3068d,2025-01-01,2025,1,AA,N601AW,9,DFW,ABQ,,,,,,-4.00,7.00,false
26797a45-1573-4d4d-8fe1-e1d2f686e5d3,2025-01-02,2025,1,AA,N856NN,9,DFW,ABQ,0.00,0.00,0.00,0.00,160.00,171.00,160.00,false
9782fc7a-25db-44eb-8eb5-f4f679300f68,2025-01-03,2025,1,AA,N604AW,9,DFW,ABQ,47.00,0.00,0.00,0.00,1.00,50.00,48.00,false
43b6a671-8f27-4edb-bb62-e81b1564920a,2025-01-04,2025,1,AA,N837AW,9,DFW,ABQ,,,,,,-8.00,-14.00,false
e8216440-13be-4753-978b-a229759efff0,2025-01-05,2025,1,AA,N871NN,9,DFW,ABQ,70.00,0.00,11.00,0.00,112.00,182.00,193.00,false
cd549517-20fe-4bb8-ac67-0dd2169fce34,2025-01-06,2025,1,AA,N985NN,9,DFW,ABQ,14.00,0.00,0.00,0.00,30.00,51.00,44.00,false
e5343d01-e02a-426c-87a2-bcf0b8184a80,2025-01-07,2025,1,AA,N982NN,9,DFW,ABQ,,,,,,6.00,-6.00,false
0f4dfe74-941b-4176-9816-35fd3a4b4b58,2025-01-08,2025,1,AA,N958NN,9,DFW,ABQ,,,,,,20.00,9.00,false
adc5a940-44f4-4058-bc08-9f5ab2cd7a81,2025-01-09,2025,1,AA,N913NN,9,DFW,ABQ,,,,,,,,true
883ccd63-e532-4b7e-95ab-af5523e82453,2025-01-10,2025,1,AA,N933AN,9,DFW,ABQ,,,,,,20.00,7.00,false
dbe935c2-28ce-442d-9e50-9bc0c9e37465,2025-01-11,2025,1,AA,N748UW,9,DFW,ABQ,17.00,0.00,0.00,0.00,0.00,25.00,17.00,false
3dec6908-6ce3-4f47-8d7d-b9dede9e8f0c,2025-01-12,2025,1,AA,N919AN,9,DFW,ABQ,,,,,,17.00,9.00,false
9ed17b66-4e3b-42e8-8fcc-95351c15838d,2025-01-13,2025,1,AA,N980AN,9,DFW,ABQ,,,,,,2.00,-2.00,false
8b413b3a-bd55-4e0f-b72d-f5a96e81bb1c,2025-01-14,2025,1,AA,N884NN,9,DFW,ABQ,,,,,,-9.00,-8.00,false
5e744554-1722-493a-ba39-4173bd0cefea,2025-01-15,2025,1,AA,N833NN,9,DFW,ABQ,,,,,,-5.00,-12.00,false
84597c87-a3ed-475e-a4d0-e5a4514cea8f,2025-01-16,2025,1,AA,N842NN,9,DFW,ABQ,,,,,,-1.00,-14.00,false
e07fa627-a12b-4ab4-b2fa-4eebc42ac437,2025-01-17,2025,1,AA,N981NN,9,DFW,ABQ,,,,,,10.00,-3.00,false
ba15bee7-4043-4e58-807e-43d3673817b6,2025-01-18,2025,1,AA,N722US,9,DFW,ABQ,36.00,0.00,0.00,0.00,0.00,36.00,36.00,false
7bcf2e44-119e-4432-85e3-040baa4b42c2,2025-01-19,2025,1,AA,N941NN,9,DFW,ABQ,,,,,,-7.00,-5.00,false
72fe5f5d-3931-46c1-b586-347d34bb7ee5,2025-01-20,2025,1,AA,N926AN,9,DFW,ABQ,,,,,,-6.00,-13.00,false
89a5d9d5-c98a-4854-a1f2-1d7ad2d41c14,2025-01-21,2025,1,AA,N849NN,9,DFW,ABQ,,,,,,8.00,-3.00,false
a1ada43b-52c4-44cb-bdc2-8fef90b91ec9,2025-01-22,2025,1,AA,N959AN,9,DFW,ABQ,,,,,,-9.00,-13.00,false
a2b3572e-6f3b-4698-9ab4-9e3a7e325913,2025-01-23,2025,1,AA,N917AN,9,DFW,ABQ,26.00,0.00,0.00,0.00,0.00,26.00,26.00,false
aa8bdd4f-a22b-4bfc-be60-bbf46558030a,2025-01-24,2025,1,AA,N981NN,9,DFW,ABQ,,,,,,-8.00,-5.00,false
3b312d00-a132-48ee-97f0-9e50bdc36a47,2025-01-25,2025,1,AA,N762US,9,DFW,ABQ,,,,,,-4.00,-7.00,false
d6f5a48f-43cf-4fab-b297-f866502350b3,2025-01-26,2025,1,AA,N924NN,9,DFW,ABQ,,,,,,-4.00,-5.00,false
75e0441e-2725-4617-b01f-927f06e10b08,2025-01-27,2025,1,AA,N890NN,9,DFW,ABQ,,,,,,-9.00,-12.00,false
fc1efb7c-f6f0-48e2-a79b-e354455446f5,2025-01-28,2025,1,AA,N956NN,9,DFW,ABQ,,,,,,12.00,3.00,false
2c0cc989-0a6d-433d-8ce0-b48b9c9fe6bc,2025-01-29,2025,1,AA,N905AN,9,DFW,ABQ,60.00,0.00,0.00,0.00,0.00,70.00,60.00,false
5712003f-d170-44d2-8763-f2a6c3696064,2025-01-30,2025,1,AA,N944AN,9,DFW,ABQ,,,,,,6.00,-4.00,false
4a28d709-32c6-402b-a349-2165f4987c99,2025-01-31,2025,1,AA,N998NN,9,DFW,ABQ,,,,,,-1.00,-14.00,false
40c2e73e-0a7e-4bc3-9da1-48c7a14d8c73,2025-01-05,2025,1,AA,N106NN,10,LAS,JFK,,,,,,1.00,-13.00,false
3c9a1941-3ede-4f4d-8c08-1978339b899a,2025-01-06,2025,1,AA,N103NN,10,LAS,JFK,,,,,,-10.00,-33.00,false
13d8d413-e47f-4023-b59a-11a48d86e36f,2025-01-01,2025,1,AA,N109NN,10,LAX,JFK,,,,,,-7.00,-47.00,false
56da322d-ec0c-4b31-a0ed-386b909954f6,2025-01-02,2025,1,AA,N103NN,10,LAX,JFK,,,,,,33.00,8.00,false
cfe0d68e-bb30-4e61-a27d-869a604cf522,2025-01-03,2025,1,AA,N112AN,10,LAX,JFK,,,,,,-4.00,-43.00,false
6efc56dc-e8b3-46be-9580-2478381bd6a4,2025-01-04,2025,1,AA,N111ZM,10,LAX,JFK,,,,,,-2.00,-36.00,false
be29dad3-686e-4b71-adb5-c25ce7a8c85b,2025-01-07,2025,1,AA,N113AN,10,LAX,JFK,,,,,,-10.00,-20.00,false
2cbc545c-d533-4b77-bd7f-a760d9c6d6a9,2025-01-08,2025,1,AA,N117AN,10,LAX,JFK,,,,,,-7.00,-25.00,false
7ca9b8e2-d4ae-447b-b3c6-909fc3bf74f0,2025-01-10,2025,1,AA,N109NN,10,LAX,JFK,,,,,,-4.00,-3.00,false
c75b1a66-318a-47b3-9437-60d4312335f0,2025-01-11,2025,1,AA,N111ZM,10,LAX,JFK,,,,,,-2.00,-51.00,false
1e03a8da-7f25-4622-8253-fd4f5a9c7e00,2025-01-13,2025,1,AA,N111ZM,10,LAX,JFK,,,,,,-5.00,-38.00,false
622aef55-5f27-4266-ba40-7c96f480656b,2025-01-14,2025,1,AA,N102NN,10,LAX,JFK,,,,,,-8.00,-35.00,false
2ce7ce01-a015-4c31-b699-0fd67205a57b,2025-01-17,2025,1,AA,N107NN,10,LAX,JFK,,,,,,-2.00,-17.00,false
e03b52ff-438c-4f16-97d4-5348b5937868,2025-01-18,2025,1,AA,N117AN,10,LAX,JFK,,,,,,-6.00,-36.00,false
64c1c62f-395b-4a3f-a5d1-43690c2adcac,2025-01-19,2025,1,AA,N106NN,10,LAX,JFK,,,,,,,,true
618618d8-1039-4c50-a3e2-b1145e173ead,2025-01-20,2025,1,AA,N106NN,10,LAX,JFK,,,,,,-7.00,-39.00,false
de24d9c7-27da-4baf-8e88-4b947b656181,2025-01-21,2025,1,AA,N102NN,10,LAX,JFK,,,,,,-4.00,-34.00,false
958ffef7-ed78-4554-aa7d-f8b4865a1850,2025-01-22,2025,1,AA,N108NN,10,LAX,JFK,,,,,,-1.00,-16.00,false
8897bafd-2e5e-4556-b10c-cc968ad355e8,2025-01-23,2025,1,AA,N117AN,10,LAX,JFK,,,,,,-6.00,-22.00,false
939601ea-2eea-47f8-b2a6-50d1f4e1743f,2025-01-24,2025,1,AA,N112AN,10,LAX,JFK,,,,,,-6.00,-39.00,false
a8e59128-20a9-499e-8197-1a1ca80148a1,2025-01-25,2025,1,AA,N104NN,10,LAX,JFK,,,,,,42.00,-2.00,false
60811454-db5e-4912-9483-640d53e8d7f1,2025-01-26,2025,1,AA,N110AN,10,LAX,JFK,,,,,,-8.00,-48.00,false
5d320a40-03ad-49ea-8ba3-2927f5708e2b,2025-01-27,2025,1,AA,N108NN,10,LAX,JFK,,,,,,-6.00,-34.00,false
a9fec0b2-1b5b-4f08-b5ef-ef7925e51ef9,2025-01-28,2025,1,AA,N110AN,10,LAX,JFK,,,,,,-5.00,-33.00,false
2b8b7a19-695d-4001-a759-7c38728db12c,2025-01-29,2025,1,AA,N111ZM,10,LAX,JFK,,,,,,-7.00,-25.00,false
e404ce70-587e-4309-9d62-86f123f84942,2025-01-30,2025,1,AA,N102NN,10,LAX,JFK,,,,,,-5.00,-11.00,false
5004a185-369f-4a14-ac37-b7d16858efdd,2025-01-31,2025,1,AA,N112AN,10,LAX,JFK,,,,,,-2.00,-17.00,false
512908a5-222e-40f9-b22f-a25205626b0b,2025-01-04,2025,1,AA,N104NN,16,SFO,JFK,,,,,,-7.00,-32.00,false
2e61c096-b4ab-49e8-9b51-e21937a8696a,2025-01-05,2025,1,AA,N113AN,16,SFO,JFK,,,,,,-6.00,-41.00,false
8c85e7cc-7310-407f-b065-84782dc34ffe,2025-01-06,2025,1,AA,N102NN,16,SFO,JFK,,,,,,-5.00,-6.00,false
886020c4-29df-4ba7-b042-cc1f83413ece,2025-01-07,2025,1,AA,N107NN,16,SFO,JFK,,,,,,-5.00,-2.00,false
4453e89c-665d-42bc-bcbd-306ce1e21472,2025-01-08,2025,1,AA,N101NN,16,SFO,JFK,,,,,,-8.00,-6.00,false
9534efb1-9d02-4b19-8e90-e5b3d15cdde6,2025-01-09,2025,1,AA,N116AN,16,SFO,JFK,0.00,0.00,23.00,0.00,0.00,-10.00,23.00,false
6195b109-b17e-4a98-8eac-349e3d11345f,2025-01-10,2025,1,AA,N104NN,16,SFO,JFK,,,,,,-7.00,-24.00,false
d1549f27-4f59-4086-941f-d21eeb6529ad,2025-01-11,2025,1,AA,N102NN,16,SFO,JFK,,,,,,10.00,-30.00,false
0e2f3422-0204-4217-95ea-19d8fc2607f3,2025-01-12,2025,1,AA,N109NN,16,SFO,JFK,,,,,,34.00,13.00,false
98b36336-e52a-4f27-9fa8-b13132248bcb,2025-01-13,2025,1,AA,N116AN,16,SFO,JFK,,,,,,-8.00,-26.00,false
88ead9d8-6f35-4bcc-a572-f64107bc65ca,2025-01-14,2025,1,AA,N117AN,16,SFO,JFK,,,,,,-8.00,-16.00,false
aed804a9-31eb-46c8-88cb-174ba1a0a4cc,2025-01-15,2025,1,AA,N112AN,16,SFO,JFK,,,,,,-8.00,-16.00,false
22195954-a87a-4996-b3ec-00178e377a99,2025-01-16,2025,1,AA,N103NN,16,SFO,JFK,,,,,,-7.00,4.00,false
c82ab281-83a6-426e-ace8-039e8d1458ff,2025-01-17,2025,1,AA,N101NN,16,SFO,JFK,,,,,,-7.00,-25.00,false
21a48691-6697-4c96-8d46-24220fd13078,2025-01-18,2025,1,AA,N105NN,16,SFO,JFK,,,,,,-7.00,-18.00,false
3e9bf8f9-7acf-4aac-9253-925d6b8591f7,2025-01-19,2025,1,AA,N111ZM,16,SFO,JFK,,,,,,117.00,,false
0605735b-eb2e-4620-9e50-0baeccd3c230,2025-01-20,2025,1,AA,N103NN,16,SFO,JFK,,,,,,-6.00,-35.00,false
631f6c28-f978-406a-acdf-fb483cb55857,2025-01-21,2025,1,AA,N112AN,16,SFO,JFK,,,,,,12.00,-2.00,false
66b2d060-35b5-434b-9c7c-3f6d12f4fc6f,2025-01-22,2025,1,AA,N116AN,16,SFO,JFK,,,,,,-7.00,-3.00,false
74de7cf3-c90f-4f32-89b4-0860a94c5db7,2025-01-23,2025,1,AA,N101NN,16,SFO,JFK,0.00,0.00,17.00,0.00,0.00,-7.00,17.00,false
ef770a4c-9cbc-4698-8a90-94cc1caf209d,2025-01-24,2025,1,AA,N105NN,16,SFO,JFK,,,,,,-8.00,-45.00,false
28db413d-a159-4d79-b8ab-5405c8d18bf1,2025-01-25,2025,1,AA,N116AN,16,SFO,JFK,,,,,,8.00,-10.00,false
0cf677eb-78f0-4baa-abc4-4e9956f8052e,2025-01-26,2025,1,AA,N113AN,16,SFO,JFK,,,,,,-6.00,-23.00,false
c3d9d305-8b15-4fa1-b178-3b7ce2e6c1d5,2025-01-27,2025,1,AA,N103NN,16,SFO,JFK,,,,,,-3.00,-1.00,false
a05f5fc7-3249-4536-a7a0-a1941d75e8d9,2025-01-28,2025,1,AA,N116AN,16,SFO,JFK,,,,,,-7.00,-15.00,false
ede4b067-f6ff-40dc-8ce9-4dae0dea8c52,2025-01-29,2025,1,AA,N102NN,16,SFO,JFK,,,,,,-8.00,-5.00,false
4d884064-c4ae-4e8e-9119-c106a2cfb57a,2025-01-30,2025,1,AA,N113AN,16,SFO,JFK,,,,,,-6.00,-10.00,false
a057e17b-2106-4536-9af0-b062d03dbf9b,2025-01-31,2025,1,AA,N116AN,16,SFO,JFK,,,,,,-7.00,-14.00,false
5caf96e9-c1f9-45c4-98cb-bf4cf99d3094,2025-01-01,2025,1,AA,N106NN,28,LAX,JFK,,,,,,-1.00,-40.00,false
6c2dc04b-183c-4434-9e64-d6634552832f,2025-01-02,2025,1,AA,N107NN,28,LAX,JFK,,,,,,-10.00,-28.00,false
8a0c34a5-3698-4931-a2c5-5190dc350828,2025-01-03,2025,1,AA,N113AN,28,LAX,JFK,,,,,,-6.00,-39.00,false
3a66482c-38ac-4624-9d7d-3611ac3b5778,2025-01-04,2025,1,AA,N105NN,28,LAX,JFK,,,,,,-3.00,-26.00,false
6f36f104-9dff-4c37-8a97-8b343cc05aa6,2025-01-05,2025,1,AA,N109NN,28,LAX,JFK,,,,,,-7.00,-21.00,false
223846d7-a0b5-4159-b7a1-6ab1b4277270,2025-01-06,2025,1,AA,N116AN,28,LAX,JFK,,,,,,-6.00,-27.00,false
0a1ce41e-79c3-4ad8-90f4-c5aba390d011,2025-01-07,2025,1,AA,N111ZM,28,LAX,JFK,16.00,0.00,10.00,0.00,0.00,16.00,26.00,false
bc7d2676-637f-408d-ad97-0abdadc2c977,2025-01-08,2025,1,AA,N110AN,28,LAX,JFK,,,,,,-7.00,-8.00,false
530bb7c9-7640-4ba0-9827-7ca4ce55a6d0,2025-01-09,2025,1,AA,N111ZM,28,LAX,JFK,,,,,,0.00,-10.00,false
47eb147f-831c-45c3-8ee9-e754a6428dc1,2025-01-10,2025,1,AA,N112AN,28,LAX,JFK,,,,,,-3.00,-10.00,false
7451c23f-9b31-4738-a9e5-2e0279b43b79,2025-01-11,2025,1,AA,N107NN,28,LAX,JFK,,,,,,-5.00,-43.00,false
ba41273c-a0a7-4f94-8e67-9e8e0b164744,2025-01-12,2025,1,AA,N117AN,28,LAX,JFK,,,,,,-1.00,-45.00,false
1c9cee7f-a365-4d9c-8dda-fc92856fa51b,2025-01-13,2025,1,AA,N106NN,28,LAX,JFK,,,,,,-4.00,-28.00,false
7d2264af-0443-4484-b934-089d1933737a,2025-01-14,2025,1,AA,N107NN,28,LAX,JFK,,,,,,4.00,-21.00,false
5af9cc87-0077-42d3-a14c-7aa094d5c779,2025-01-15,2025,1,AA,N101NN,28,LAX,JFK,,,,,,-7.00,-19.00,false
3fd6a18a-2a7b-419d-8d84-06ba309cd91e,2025-01-16,2025,1,AA,N105NN,28,LAX,JFK,,,,,,-6.00,-24.00,false
35ddedec-f31b-403c-8ea8-6a7496d6f3e4,2025-01-17,2025,1,AA,N104NN,28,LAX,JFK,25.00,0.00,0.00,0.00,0.00,41.00,25.00,false
06178a62-9e1a-4a21-9e01-b0cd20ca0484,2025-01-18,2025,1,AA,N104NN,28,LAX,JFK,,,,,,0.00,-22.00,false
f8fe1f4f-018a-4184-bcf4-81d09600c4c0,2025-01-19,2025,1,AA,N109NN,28,LAX,JFK,,,,,,-10.00,-50.00,false
2768b8e9-1ae3-46f3-bc46-be14c2cf303a,2025-01-20,2025,1,AA,N107NN,28,LAX,JFK,,,,,,-4.00,-30.00,false
a6251c82-1f83-46d0-afeb-2e4408302729,2025-01-21,2025,1,AA,N101NN,28,LAX,JFK,,,,,,-7.00,-34.00,false
271d7252-752d-496a-8107-e6d9e3a6892d,2025-01-22,2025,1,AA,N106NN,28,LAX,JFK,,,,,,-9.00,-9.00,false
bddea09e-208f-450c-a9b0-73ca6ed8ef1c,2025-01-23,2025,1,AA,N109NN,28,LAX,JFK,,,,,,-8.00,-1.00,false
51d3bb5a-95f5-4bd6-8ad7-ec747896cb3c,2025-01-24,2025,1,AA,N102NN,28,LAX,JFK,,,,,,6.00,-18.00,false
50ad78a6-b188-4dde-8026-fd7b6b9ef757,2025-01-25,2025,1,AA,N108NN,28,LAX,JFK,,,,,,17.00,-20.00,false
0fe3e389-b033-4e34-816d-18818779c86d,2025-01-26,2025,1,AA,N116AN,28,LAX,JFK,,,,,,11.00,-4.00,false
1c798774-1fe9-45c9-a9f1-bac496576e81,2025-01-27,2025,1,AA,N113AN,28,LAX,JFK,,,,,,-4.00,-18.00,false
8c3a9bb7-785b-4908-8253-38c3c5336839,2025-01-28,2025,1,AA,N106NN,28,LAX,JFK,,,,,,-1.00,-22.00,false
cb815038-1ada-44b2-ab89-fbe1999116eb,2025-01-29,2025,1,AA,N104NN,28,LAX,JFK,,,,,,-9.00,-38.00,false
c8962457-16d1-47db-9ed0-db960aca80a9,2025-01-30,2025,1,AA,N117AN,28,LAX,JFK,,,,,,-2.00,-7.00,false
b6c4ae3f-b12b-4076-a5da-cfab6df2f9f1,2025-01-31,2025,1,AA,N106NN,28,LAX,JFK,,,,,,-8.00,-15.00,false
c5094583-affc-4b19-b0cf-b8e995b09583,2025-01-01,2025,1,AA,N876AL,31,LAX,HNL,,,,,,-6.00,-19.00,false
d3f585b8-e010-448b-8db7-5b342994c54d,2025-01-02,2025,1,AA,N809AA,31,LAX,HNL,,,,,,3.00,-18.00,false
991e26c2-5b2c-4e8b-aabe-045e62de565c,2025-01-03,2025,1,AA,N875BD,31,LAX,HNL,,,,,,-7.00,-12.00,false
4592cf6b-c257-4009-b8bc-596790b63c05,2025-01-04,2025,1,AA,N811AB,31,LAX,HNL,,,,,,-6.00,-27.00,false
c47c830e-4dc4-4637-ab87-95b461d96a0c,2025-01-05,2025,1,AA,N875BD,31,LAX,HNL,,,,,,-3.00,-15.00,false
8a1b37e7-70fa-4454-8217-7bd8fc22a2e1,2025-01-06,2025,1,AA,N875BD,31,LAX,HNL,,,,,,-3.00,-41.00,false
d402ad7d-6d00-4eae-bde7-048d4f071b24,2025-01-07,2025,1,AA,N403AN,31,LAX,HNL,,,,,,0.00,-36.00,false
f7629980-55c1-4c56-b9d8-0c826f8ef9a7,2025-01-08,2025,1,AA,N420AN,31,LAX,HNL,,,,,,-4.00,-27.00,false
e5109dc2-03f1-4829-8334-e3560802ae65,2025-01-09,2025,1,AA,N415AN,31,LAX,HNL,,,,,,-3.00,-41.00,false
b973b327-df90-45c7-b5af-c4b61264fa5d,2025-01-10,2025,1,AA,N444UW,31,LAX,HNL,,,,,,-10.00,-15.00,false
9354312c-ce91-4ae5-acbf-1ef88765230d,2025-01-11,2025,1,AA,N432AN,31,LAX,HNL,,,,,,-2.00,-33.00,false
4773e78d-651e-4ed2-8d02-aabcdad4df61,2025-01-12,2025,1,AA,N461AN,31,LAX,HNL,,,,,,-8.00,-40.00,false
511046c8-1844-45fd-9cb7-1c71982ec72b,2025-01-13,2025,1,AA,N468AN,31,LAX,HNL,,,,,,-2.00,-45.00,false
ca6b9220-5e7e-492d-83e5-ec1b7aa2042d,2025-01-14,2025,1,AA,N402AN,31,LAX,HNL,,,,,,-4.00,-46.00,false
b3629ffa-6392-4652-adad-0f1c3648a5fe,2025-01-15,2025,1,AA,N457AM,31,LAX,HNL,,,,,,-8.00,-58.00,false
2c6bec4a-f83f-4df9-8507-9456f2ab1ff7,2025-01-16,2025,1,AA,N445AA,31,LAX,HNL,,,,,,-9.00,-20.00,false
9d8947ec-7e4a-4c18-86c2-2bfb596f444e,2025-01-17,2025,1,AA,N422AN,31,LAX,HNL,,,,,,-2.00,-14.00,false
7a419956-c0ad-4bd8-91bb-13f5c668d224,2025-01-18,2025,1,AA,N421UW,31,LAX,HNL,,,,,,-3.00,-27.00,false
1b4fa473-6e56-4f04-944b-395f58660967,2025-01-19,2025,1,AA,N441UW,31,LAX,HNL,,,,,,-8.00,-25.00,false
f8255905-5af4-4e10-9e45-3d2b996866de,2025-01-20,2025,1,AA,N404AN,31,LAX,HNL,,,,,,-6.00,-43.00,false
7deda11a-7c21-4b92-8ab3-14992fea2645,2025-01-21,2025,1,AA,N428AA,31,LAX,HNL,,,,,,-4.00,-43.00,false
b56df81a-6501-4975-a5a1-42c0ce08b58d,2025-01-22,2025,1,AA,N440AN,31,LAX,HNL,,,,,,-1.00,-12.00,false
15653df4-0f75-47ef-8b62-7cb4155b22cc,2025-01-23,2025,1,AA,N450AN,31,LAX,HNL,,,,,,-5.00,-23.00,false
2a346312-ac44-4823-9dd6-73a10e0b3408,2025-01-24,2025,1,AA,N419AN,31,LAX,HNL,,,,,,-5.00,-23.00,false
713f65b8-e1d6-4aef-ac6b-d9921c583e46,2025-01-25,2025,1,AA,N435AN,31,LAX,HNL,,,,,,-7.00,-18.00,false
172ca715-522b-42b2-8879-28d6f72cc2b9,2025-01-26,2025,1,AA,N413AN,31,LAX,HNL,,,,,,-3.00,-34.00,false
11fc3d74-09c7-49ac-9370-1a68573106cc,2025-01-27,2025,1,AA,N453AA,31,LAX,HNL,0.00,0.00,0.00,0.00,29.00,45.00,29.00,false
df443b35-5cd9-45d4-8e42-31072a2d0136,2025-01-28,2025,1,AA,N453AA,31,LAX,HNL,,,,,,-5.00,-36.00,false
11c705d2-86a2-45cd-a567-6fc9ee93a0f0,2025-01-29,2025,1,AA,N435AN,31,LAX,HNL,,,,,,-7.00,-28.00,false
5dfb913d-aaca-4855-b6ac-1537f3a44552,2025-01-30,2025,1,AA,N448AN,31,LAX,HNL,,,,,,-7.00,2.00,false
c705489e-76c1-420c-ba3d-34357a471276,2025-01-31,2025,1,AA,N432AN,31,LAX,HNL,0.00,0.00,0.00,0.00,73.00,82.00,73.00,false
b6cd30ca-ce72-45a7-85e9-83b70fa9f25d,2025-01-01,2025,1,AA,N117AN,32,LAX,JFK,,,,,,-6.00,-32.00,false
fe318d3d-0f39-4c81-a89b-b7cb0fa9a8a0,2025-01-02,2025,1,AA,N101NN,32,LAX,JFK,,,,,,-5.00,-33.00,false
7f39ee93-6fbb-4b7d-9628-89fbcc7e4726,2025-01-03,2025,1,AA,N108NN,32,LAX,JFK,,,,,,12.00,-2.00,false
d7f5ac8a-a17e-4b9e-897c-35e8e5f2ac59,2025-01-04,2025,1,AA,N103NN,32,LAX,JFK,4.00,0.00,0.00,0.00,35.00,71.00,39.00,false
9c732d76-5a38-4fdc-9969-73f6b8efcd50,2025-01-05,2025,1,AA,N110AN,32,LAX,JFK,,,,,,5.00,-10.00,false
26e264b2-defd-4efb-a84f-7a6f7962356e,2025-01-06,2025,1,AA,N107NN,32,LAX,JFK,,,,,,-7.00,-30.00,false
1a7290c7-b2a5-4c89-8c20-dabe078c9c47,2025-01-07,2025,1,AA,N109NN,32,LAX,JFK,,,,,,-4.00,-22.00,false
76fa6076-8ec7-4a6a-b211-8959b2a73eb2,2025-01-08,2025,1,AA,N113AN,32,LAX,JFK,,,,,,-6.00,3.00,false
21eaf7ef-f564-4947-80f5-0f8062bc0afc,2025-01-09,2025,1,AA,N105NN,32,LAX,JFK,,,,,,-6.00,-21.00,false
a58288f4-be81-436c-91f9-953df943f059,2025-01-10,2025,1,AA,N106NN,32,LAX,JFK,56.00,0.00,36.00,0.00,22.00,78.00,114.00,false
b3359ed5-5e73-4e56-9cf7-b0813bfc7bdc,2025-01-11,2025,1,AA,N101NN,32,LAX,JFK,,,,,,-1.00,-39.00,false
399a02bb-28b3-4320-987c-87bbff704761,2025-01-12,2025,1,AA,N111ZM,32,LAX,JFK,,,,,,17.00,-10.00,false
cdabb09d-5d54-4221-9df5-326ea4b2306f,2025-01-13,2025,1,AA,N104NN,32,LAX,JFK,,,,,,-2.00,-17.00,false
2aa9df6b-0afb-486a-a04b-297c4812a454,2025-01-14,2025,1,AA,N103NN,32,LAX,JFK,,,,,,-10.00,-14.00,false
c276e496-b5ba-4116-88a3-2624d5567480,2025-01-15,2025,1,AA,N111ZM,32,LAX,JFK,,,,,,-5.00,-3.00,false
5a888c92-389f-4f61-9157-a24eac5ce251,2025-01-16,2025,1,AA,N107NN,32,LAX,JFK,,,,,,-9.00,13.00,false
d3404800-afb7-4d61-a6fa-dafdd8c0dce5,2025-01-17,2025,1,AA,N111ZM,32,LAX,JFK,,,,,,12.00,8.00,false
0b190155-b622-410e-bc58-7024d4e19e7b,2025-01-18,2025,1,AA,N107NN,32,LAX,JFK,,,,,,37.00,7.00,false
4b90aead-a705-47c2-85b5-afde21a6afc3,2025-01-19,2025,1,AA,N106NN,32,LAX,JFK,0.00,0.00,115.00,0.00,0.00,32.00,115.00,false
f5fb30cb-0774-40bb-9155-ef49c97b1201,2025-01-20,2025,1,AA,N101NN,32,LAX,JFK,,,,,,-4.00,-38.00,false
ff847fe8-0cc2-4e64-a2b1-971fdf413a3b,2025-01-21,2025,1,AA,N108NN,32,LAX,JFK,,,,,,-4.00,-21.00,false
df421292-8600-4773-a3c5-de278e321546,2025-01-22,2025,1,AA,N117AN,32,LAX,JFK,,,,,,14.00,-12.00,false
1a5750e8-b55e-4a66-9972-ed69e6849ab1,2025-01-23,2025,1,AA,N103NN,32,LAX,JFK,,,,,,-2.00,-3.00,false
3b0521b2-7902-472e-80cc-751be6fdc35b,2025-01-24,2025,1,AA,N110AN,32,LAX,JFK,3.00,0.00,0.00,0.00,46.00,57.00,49.00,false
0649543e-217c-4a92-9190-2e3cf14590f4,2025-01-25,2025,1,AA,N112AN,32,LAX,JFK,0.00,0.00,0.00,0.00,52.00,59.00,52.00,false
e56d53b3-031e-49e2-a75a-c4f0d32ad8b1,2025-01-26,2025,1,AA,N117AN,32,LAX,JFK,,,,,,15.00,-11.00,false
33da44a9-e1a8-4ac3-8061-ac6a9c1c3998,2025-01-27,2025,1,AA,N110AN,32,LAX,JFK,,,,,,-8.00,-24.00,false
9f803c2b-dd64-4d48-a835-383ec1722948,2025-01-28,2025,1,AA,N109NN,32,LAX,JFK,,,,,,-8.00,-35.00,false
38bcd820-e55f-4171-8a18-92fce7904cc4,2025-01-29,2025,1,AA,N110AN,32,LAX,JFK,,,,,,17.00,-1.00,false
bc085456-7bb4-47b3-b6b2-2747b385812b,2025-01-30,2025,1,AA,N101NN,32,LAX,JFK,,,,,,-6.00,-21.00,false
0336dfa2-f554-449c-9b54-c96888133b46,2025-01-31,2025,1,AA,N107NN,32,LAX,JFK,,,,,,-5.00,9.00,false
10591d62-9341-4c92-870a-8cc656076251,2025-01-05,2025,1,AA,N756US,43,DCA,LGA,,,,,,-2.00,12.00,false
0bd0d196-1947-4871-98e0-9c8b9ebc3166,2025-01-06,2025,1,AA,N774XF,43,DCA,LGA,,,,,,,,true
341fb982-7662-4f5c-a9e6-3b745337f001,2025-01-01,2025,1,AA,N400AN,58,KOA,LAX,,,,,,-6.00,-8.00,false
09fa879b-b5b0-4031-9923-5987c1c5fced,2025-01-02,2025,1,AA,N404AN,58,KOA,LAX,0.00,0.00,21.00,0.00,0.00,-4.00,21.00,false
ae62164d-fa7b-4e2f-aeaa-de29a46d04b1,2025-01-03,2025,1,AA,N402AN,58,KOA,LAX,,,,,,-3.00,10.00,false
a9852b33-2636-4bef-adc7-b9f4f00d40b3,2025-01-04,2025,1,AA,N460AN,58,KOA,LAX,,,,,,-9.00,0.00,false
301851f1-c41f-4d2f-9e3f-db31d76fc54e,2025-01-05,2025,1,AA,N416AN,58,KOA,LAX,13.00,0.00,6.00,0.00,0.00,13.00,19.00,false
b6a8aa2e-638a-4909-97a0-4263f2be6e65,2025-01-06,2025,1,AA,N465AN,58,KOA,LAX,0.00,0.00,22.00,0.00,0.00,0.00,22.00,false
451f3814-d6eb-4927-ad60-3c56fa20b9b7,2025-01-01,2025,1,AA,N400AN,59,LAX,KOA,,,,,,-3.00,-37.00,false
6f1e5151-d9a9-400f-8a5b-5be64db32b0d,2025-01-02,2025,1,AA,N404AN,59,LAX,KOA,,,,,,-7.00,-38.00,false
d95c676c-97a4-48cc-8dd8-5f046f2bf8ba,2025-01-03,2025,1,AA,N402AN,59,LAX,KOA,,,,,,0.00,-34.00,false
b9711984-b262-4e85-9374-82cb5d02cf14,2025-01-04,2025,1,AA,N460AN,59,LAX,KOA,,,,,,28.00,-4.00,false
c0fc94af-c3d9-4cf4-9c9e-abcdbc95e05a,2025-01-05,2025,1,AA,N416AN,59,LAX,KOA,,,,,,-4.00,-53.00,false
5c295e00-6bd8-4d82-ab9f-8efb530cfdab,2025-01-06,2025,1,AA,N465AN,59,LAX,KOA,,,,,,-7.00,-52.00,false
dd6e9c4e-5e65-4ed2-b5e1-664c107d4304,2025-01-01,2025,1,AA,N923AN,75,ORD,PBI,,,,,,-2.00,-19.00,false
04a890cd-4f8f-436f-b09a-df321174d169,2025-01-01,2025,1,AA,N101NN,76,JFK,SFO,,,,,,-3.00,-15.00,false
5d06e85d-c9d2-4995-b7f4-870e7b29c551,2025-01-02,2025,1,AA,N117AN,76,JFK,SFO,,,,,,-1.00,6.00,false
4bdfac3d-c64f-43da-a881-a4409c725f77,2025-01-03,2025,1,AA,N101NN,76,JFK,SFO,,,,,,-5.00,-7.00,false
f7717b1b-108e-4681-a1fc-fafd3f2f0093,2025-01-04,2025,1,AA,N104NN,76,JFK,SFO,,,,,,-6.00,-12.00,false
a35cfefb-70d0-4394-8519-3dc3c4045384,2025-01-05,2025,1,AA,N103NN,76,JFK,SFO,,,,,,-7.00,3.00,false
19a2063a-085a-4961-94db-0f21abeee535,2025-01-06,2025,1,AA,N110AN,76,JFK,SFO,,,,,,5.00,-20.00,false
493ea0f8-354f-4fc6-a1e3-20b5445c7492,2025-01-07,2025,1,AA,N107NN,76,JFK,SFO,,,,,,-4.00,-55.00,false
a35cbcab-270b-4f42-9b1a-23aea098a446,2025-01-08,2025,1,AA,N101NN,76,JFK,SFO,,,,,,-9.00,-58.00,false
a5bb1c53-b874-4e94-b87d-139011846b3e,2025-01-09,2025,1,AA,N116AN,76,JFK,SFO,,,,,,-4.00,-50.00,false
0f6a57ef-70ff-463e-b88b-4b2b30c7c877,2025-01-10,2025,1,AA,N104NN,76,JFK,SFO,,,,,,-4.00,-20.00,false
ea1ccc0c-286b-4556-91a2-f269a4c725b4,2025-01-11,2025,1,AA,N102NN,76,JFK,SFO,,,,,,-4.00,7.00,false
bfead060-0e06-431c-a269-d84f72b2ea35,2025-01-12,2025,1,AA,N109NN,76,JFK,SFO,,,,,,-7.00,-28.00,false
0fc39b1e-3a8e-450c-82d3-c71d331b8fc4,2025-01-13,2025,1,AA,N116AN,76,JFK,SFO,,,,,,-4.00,-34.00,false
116837c6-dd92-4775-85b5-f0f16afee1db,2025-01-14,2025,1,AA,N117AN,76,JFK,SFO,,,,,,-2.00,-56.00,false
cacae6a6-a34c-4e9e-847c-968128b9fef6,2025-01-15,2025,1,AA,N112AN,76,JFK,SFO,,,,,,4.00,-42.00,false
c3fb42bc-b223-4495-bcb8-cbd2cdaf2be3,2025-01-16,2025,1,AA,N103NN,76,JFK,SFO,,,,,,-6.00,-50.00,false
a6c94210-c617-47e5-9bcb-08a123931f4e,2025-01-17,2025,1,AA,N101NN,76,JFK,SFO,,,,,,16.00,-3.00,false
5c7258bc-829d-4a1f-88b7-18ae5bdf14d2,2025-01-18,2025,1,AA,N105NN,76,JFK,SFO,,,,,,-5.00,-29.00,false
95e78150-4a10-4d0a-8837-c0d75d8f1150,2025-01-19,2025,1,AA,N111ZM,76,JFK,SFO,0.00,0.00,43.00,0.00,0.00,-4.00,43.00,false
c8d9ed36-ac74-4bcd-8732-9be2d892b2e6,2025-01-20,2025,1,AA,N103NN,76,JFK,SFO,,,,,,8.00,-22.00,false
de43ff60-5e90-4b7f-87a4-203146676f17,2025-01-21,2025,1,AA,N112AN,76,JFK,SFO,,,,,,-2.00,-7.00,false
41048f12-0b91-4006-9917-1259b9401ed3,2025-01-22,2025,1,AA,N116AN,76,JFK,SFO,,,,,,-3.00,-4.00,false
f743a409-1298-4296-9865-1403a2a30bd5,2025-01-23,2025,1,AA,N101NN,76,JFK,SFO,,,,,,-1.00,-48.00,false
8298b39d-81fc-4513-af1c-dea7d8bc22c8,2025-01-24,2025,1,AA,N105NN,76,JFK,SFO,,,,,,0.00,-1.00,false
8253d59b-1df4-4623-bfcc-fab7eaa19890,2025-01-25,2025,1,AA,N116AN,76,JFK,SFO,,,,,,-2.00,8.00,false
57800ce7-241e-4a8e-ad3f-c4a518b8d9e9,2025-01-26,2025,1,AA,N113AN,76,JFK,SFO,,,,,,-7.00,-26.00,false
f20af1e9-925e-4a87-a75e-0e307a72dbda,2025-01-27,2025,1,AA,N103NN,76,JFK,SFO,,,,,,-1.00,-36.00,false
88127d31-1905-4d10-bdfd-f88e77b50d26,2025-01-28,2025,1,AA,N116AN,76,JFK,SFO,,,,,,-12.00,-61.00,false
1cbfef9f-484e-4c23-b80a-fa8dbc94ad6f,2025-01-29,2025,1,AA,N102NN,76,JFK,SFO,,,,,,-4.00,-17.00,false
813de77d-d731-465d-bab1-b99c2dd92044,2025-01-30,2025,1,AA,N113AN,76,JFK,SFO,,,,,,-8.00,-35.00,false
6465783a-55b7-4fa8-bb8f-79f974894f21,2025-01-31,2025,1,AA,N116AN,76,JFK,SFO,,,,,,-4.00,-14.00,false
e19edce6-47d6-4ffe-a990-6e4fd79b92a6,2025-01-01,2025,1,AA,N413AN,81,ATL,PHX,,,,,,-8.00,-19.00,false
8c6cd5bd-108f-45ec-b21d-e7ec6dc4aa7a,2025-01-01,2025,1,AA,N861NN,99,ORD,RSW,,,,,,-1.00,-25.00,false
509b39c2-aa57-462a-9048-016499b4af13,2025-01-01,2025,1,AA,N861NN,99,RSW,ORD,,,,,,-7.00,-14.00,false
4912cdb6-0309-48d9-9f36-06cf11c22e14,2025-01-01,2025,1,AA,N755AN,102,HNL,DFW,,,,,,-5.00,-5.00,false
216fb23e-4d3c-47a1-9ae9-a0393357a20e,2025-01-02,2025,1,AA,N792AN,102,HNL,DFW,,,,,,-1.00,1.00,false
98092054-d29a-455b-8975-2626faec76d1,2025-01-03,2025,1,AA,N772AN,102,HNL,DFW,,,,,,-4.00,11.00,false
461e4684-7c18-4cca-a59c-31cf69e2e273,2025-01-04,2025,1,AA,N795AN,102,HNL,DFW,,,,,,-9.00,5.00,false
05066120-ae2e-448b-9ef0-10b230eef402,2025-01-05,2025,1,AA,N795AN,102,HNL,DFW,,,,,,-1.00,7.00,false
1952c913-1089-4243-a2e8-f6d68ba6e7e9,2025-01-06,2025,1,AA,N771AN,102,HNL,DFW,,,,,,-4.00,-15.00,false
8cce599d-5f57-4b1d-ab0a-20473da4fd11,2025-01-07,2025,1,AA,N751AN,102,HNL,DFW,8.00,0.00,27.00,0.00,0.00,8.00,35.00,false
05459212-a1c3-45b4-b60a-f8b94718a196,2025-01-08,2025,1,AA,N779AN,102,HNL,DFW,0.00,0.00,16.00,0.00,0.00,-2.00,16.00,false
ff3ef9eb-912e-409c-8144-68e15e45bd7e,2025-01-09,2025,1,AA,N789AN,102,HNL,DFW,,,,,,,,true
07c4646d-3742-44e2-a4a7-7cc4984befdb,2025-01-10,2025,1,AA,N753AN,102,HNL,DFW,0.00,0.00,0.00,0.00,57.00,62.00,57.00,false
749f8c0b-db6f-4445-a37b-010bf46c8cd9,2025-01-11,2025,1,AA,N751AN,102,HNL,DFW,51.00,0.00,0.00,0.00,0.00,60.00,51.00,false
d6c8c24b-c8e6-47aa-a2f2-f59438af545e,2025-01-12,2025,1,AA,N755AN,102,HNL,DFW,,,,,,-3.00,10.00,false
9d679169-3ebc-434c-abf2-cb477b00c6f3,2025-01-13,2025,1,AA,N777AN,102,HNL,DFW,,,,,,-5.00,6.00,false
c7d20b39-b9a2-4592-ad3e-34af4ddd2150,2025-01-14,2025,1,AA,N773AN,102,HNL,DFW,,,,,,0.00,-3.00,false
01655c58-26f5-4ace-96cc-3a5da79033c3,2025-01-15,2025,1,AA,N791AN,102,HNL,DFW,,,,,,-1.00,-1.00,false
9d83128e-524c-4a6b-a2c2-b2c978d77b2a,2025-01-16,2025,1,AA,N755AN,102,HNL,DFW,,,,,,13.00,6.00,false
2695b77f-0438-4336-b741-5e238e1575a2,2025-01-17,2025,1,AA,N755AN,102,HNL,DFW,,,,,,-9.00,-5.00,false
db9e14e4-bc8d-4040-914b-d78f68730ebd,2025-01-18,2025,1,AA,N767AJ,102,HNL,DFW,,,,,,-4.00,5.00,false
890b7d35-1663-44d1-b902-0dc0af449a98,2025-01-19,2025,1,AA,N799AN,102,HNL,DFW,,,,,,-3.00,-17.00,false
8b7fa732-34d4-4b11-bd5e-b4345d18874d,2025-01-20,2025,1,AA,N773AN,102,HNL,DFW,50.00,0.00,16.00,0.00,0.00,50.00,66.00,false
2687ece7-2cf7-4512-a5d9-d9d086c98883,2025-01-21,2025,1,AA,N788AN,102,HNL,DFW,,,,,,-5.00,-18.00,false
459ea9c2-8757-47bf-ba93-3be70e23c69b,2025-01-22,2025,1,AA,N798AN,102,HNL,DFW,,,,,,-1.00,0.00,false
71533ade-fb53-4896-893b-a566251d6a3c,2025-01-23,2025,1,AA,N752AN,102,HNL,DFW,,,,,,-3.00,7.00,false
f46552f1-fdd5-4a33-abc5-13da749060f1,2025-01-24,2025,1,AA,N798AN,102,HNL,DFW,,,,,,4.00,-4.00,false
d93a0752-4224-4bd2-b315-b7cde4bf830d,2025-01-25,2025,1,AA,N791AN,102,HNL,DFW,35.00,0.00,0.00,0.00,0.00,50.00,35.00,false
710713bc-b873-4eec-9244-d5b1ad5e0b5f,2025-01-26,2025,1,AA,N794AN,102,HNL,DFW,,,,,,0.00,-17.00,false
1b9346d8-37ac-4cf7-9f9d-231631185a5c,2025-01-27,2025,1,AA,N791AN,102,HNL,DFW,,,,,,-5.00,-28.00,false
410ecfee-c542-4741-8ba5-83b2995895b4,2025-01-28,2025,1,AA,N757AN,102,HNL,DFW,,,,,,-5.00,-18.00,false
219f9486-dab8-4ce2-91f0-76b7b7ae9904,2025-01-29,2025,1,AA,N759AN,102,HNL,DFW,,,,,,-5.00,-2.00,false
d578aa36-d774-4149-a04d-d3d3f947947c,2025-01-30,2025,1,AA,N760AN,102,HNL,DFW,27.00,0.00,21.00,0.00,0.00,27.00,48.00,false
a9ea250c-4365-4d2c-b49b-b7a11062fa15,2025-01-31,2025,1,AA,N798AN,102,HNL,DFW,,,,,,-4.00,-9.00,false
b042ff2a-8a3d-448b-b4dd-009f5007f76a,2025-01-01,2025,1,AA,N774AN,115,DFW,HNL,,,,,,-1.00,-25.00,false
54d6ed7c-dac5-4486-b8ed-5ce010a12b16,2025-01-02,2025,1,AA,N755AN,115,DFW,HNL,,,,,,-8.00,-39.00,false
78c4115e-4629-473d-87aa-5bd608a0e5e7,2025-01-03,2025,1,AA,N772AN,115,DFW,HNL,,,,,,-5.00,-4.00,false
defbfd9a-22c5-4984-9b4d-dc45326aaa9a,2025-01-04,2025,1,AA,N772AN,115,DFW,HNL,,,,,,-7.00,-45.00,false
3fea892e-a2b3-4a0d-aff5-aa6e4799bf52,2025-01-05,2025,1,AA,N795AN,115,DFW,HNL,,,,,,-2.00,-23.00,false
45e62412-5062-4f2e-80a3-f6fda48ff340,2025-01-06,2025,1,AA,N771AN,115,DFW,HNL,15.00,0.00,0.00,0.00,0.00,41.00,15.00,false
e1428516-81c7-4f1d-a0f2-a7eb5027bb0c,2025-01-07,2025,1,AA,N751AN,115,DFW,HNL,,,,,,-5.00,-31.00,false
ad543352-2e37-4514-ae09-f60a706c7f84,2025-01-08,2025,1,AA,N779AN,115,DFW,HNL,,,,,,37.00,8.00,false
dfee8196-272d-404b-b9d6-a541baeb0213,2025-01-09,2025,1,AA,N771AN,115,DFW,HNL,,,,,,380.00,,true
4122aafa-ec81-491f-876f-50638075fea4,2025-01-10,2025,1,AA,N753AN,115,DFW,HNL,218.00,40.00,0.00,0.00,0.00,302.00,258.00,false
799681a4-18e8-4bf1-8b33-3c8089013eed,2025-01-11,2025,1,AA,N751AN,115,DFW,HNL,50.00,0.00,0.00,0.00,0.00,75.00,50.00,false
be3a5131-5f8b-48ce-bdda-a14314b3a087,2025-01-12,2025,1,AA,N755AN,115,DFW,HNL,,,,,,3.00,-22.00,false
6bc85318-2c38-405c-ac88-2d02d0d97db6,2025-01-13,2025,1,AA,N777AN,115,DFW,HNL,,,,,,0.00,-42.00,false
10ae7b21-f987-4e6c-8dd6-df5381b3c6c4,2025-01-14,2025,1,AA,N773AN,115,DFW,HNL,,,,,,-1.00,-44.00,false
2a3aa157-7510-458b-b397-2f208eac5cda,2025-01-15,2025,1,AA,N791AN,115,DFW,HNL,,,,,,-3.00,-56.00,false
ca1b00b5-e392-4072-8acb-87f25a3c38ee,2025-01-16,2025,1,AA,N755AN,115,DFW,HNL,,,,,,-6.00,-39.00,false
6b245857-4cb3-442f-aa75-bb08c02d9949,2025-01-17,2025,1,AA,N755AN,115,DFW,HNL,,,,,,0.00,-7.00,false
37003bea-89d3-40c5-92fa-9a50846cbf97,2025-01-18,2025,1,AA,N767AJ,115,DFW,HNL,,,,,,0.00,-22.00,false
d932dc03-4c06-48df-9a5c-0d05f4e77192,2025-01-19,2025,1,AA,N799AN,115,DFW,HNL,,,,,,-2.00,-12.00,false
10e8a2db-8b3f-47af-b625-71556c49eb62,2025-01-20,2025,1,AA,N773AN,115,DFW,HNL,171.00,0.00,0.00,0.00,0.00,193.00,171.00,false
1457529e-526d-4783-bb6f-c7c22419625c,2025-01-21,2025,1,AA,N788AN,115,DFW,HNL,,,,,,-7.00,-26.00,false
3797b907-190c-4505-8c5a-645d58af2a03,2025-01-22,2025,1,AA,N798AN,115,DFW,HNL,,,,,,-10.00,-1.00,false
b4e9d89d-2c27-4e5a-81c1-2ada78efccc0,2025-01-23,2025,1,AA,N752AN,115,DFW,HNL,,,,,,-4.00,-21.00,false
a2c5143e-7489-4c16-a9db-c41c9f40bf6e,2025-01-24,2025,1,AA,N798AN,115,DFW,HNL,,,,,,2.00,-25.00,false
b4ba295e-47bb-46cb-81fe-e5d461820083,2025-01-25,2025,1,AA,N791AN,115,DFW,HNL,,,,,,-1.00,-7.00,false
a667f059-c1cd-468a-8626-f99b85907a11,2025-01-26,2025,1,AA,N794AN,115,DFW,HNL,,,,,,-9.00,-29.00,false
78344d32-be75-449c-94a6-a2b15caaf4e6,2025-01-27,2025,1,AA,N791AN,115,DFW,HNL,23.00,0.00,28.00,0.00,0.00,23.00,51.00,false
72743607-b6ce-4c3c-81d3-bf7167dea9fb,2025-01-28,2025,1,AA,N757AN,115,DFW,HNL,44.00,0.00,0.00,0.00,0.00,47.00,44.00,false
978d6ec1-b9ce-4d69-bd1a-32dd20af5dfa,2025-01-29,2025,1,AA,N759AN,115,DFW,HNL,,,,,,-2.00,-25.00,false
2ffc0989-4136-4f8b-8dc7-bc6d4a2a3073,2025-01-30,2025,1,AA,N760AN,115,DFW,HNL,0.00,37.00,34.00,0.00,0.00,37.00,71.00,false
0322e803-eed9-42c3-a330-e21fb51bdb8e,2025-01-31,2025,1,AA,N798AN,115,DFW,HNL,,,,,,-2.00,-29.00,false
68d74004-efe5-42ed-a2b1-4a5782f5e30a,2025-01-01,2025,1,AA,N757AN,116,OGG,DFW,,,,,,0.00,-19.00,false
f65a227b-08d2-4e97-89d5-8ba78404a879,2025-01-02,2025,1,AA,N757AN,116,OGG,DFW,3.00,0.00,14.00,0.00,0.00,3.00,17.00,false
218d68d9-381e-4b26-8b3f-0d0949d1c099,2025-01-03,2025,1,AA,N753AN,116,OGG,DFW,,,,,,-2.00,-6.00,false
377a7e6f-e6ce-4a5d-8ec2-046482229ff1,2025-01-04,2025,1,AA,N767AJ,116,OGG,DFW,,,,,,-4.00,7.00,false
1047dc76-88d0-4df4-a8c4-e317530d70b4,2025-01-05,2025,1,AA,N772AN,116,OGG,DFW,,,,,,-7.00,-7.00,false
1f508611-e8c4-4313-9263-56c7065291c2,2025-01-06,2025,1,AA,N754AN,116,OGG,DFW,29.00,0.00,8.00,0.00,40.00,69.00,77.00,false
c98c5fac-576c-4ae8-a5fc-45c37363a9e1,2025-01-05,2025,1,AA,N106NN,117,JFK,LAS,,,,,,-3.00,-2.00,false
f251f896-fde5-4638-8115-00608227d116,2025-01-06,2025,1,AA,N103NN,117,JFK,LAS,,,,,,-6.00,-26.00,false
1e496a20-914e-4b10-8e3b-33fc4b9365ec,2025-01-01,2025,1,AA,N107NN,117,JFK,LAX,,,,,,-7.00,-15.00,false
281ef7a8-8d9c-4fee-8183-861b6a9dc387,2025-01-02,2025,1,AA,N107NN,117,JFK,LAX,,,,,,-7.00,-28.00,false
69b0cbb8-a229-4294-9a1f-79356586f127,2025-01-03,2025,1,AA,N113AN,117,JFK,LAX,,,,,,-6.00,-24.00,false
69b91a94-144c-4fa6-bdda-310ed9d6d04c,2025-01-04,2025,1,AA,N110AN,117,JFK,LAX,,,,,,7.00,13.00,false
20035a9f-a6a5-483e-a266-c0ed907b519d,2025-01-07,2025,1,AA,N102NN,117,JFK,LAX,,,,,,-7.00,4.00,false
b49d914d-f5d0-434d-9d42-7664597a1cf5,2025-01-08,2025,1,AA,N106NN,117,JFK,LAX,,,,,,0.00,-46.00,false
95597553-1f2d-4a3b-803b-906858bfef6b,2025-01-09,2025,1,AA,N112AN,117,JFK,LAX,,,,,,9.00,-51.00,false
460aa22c-7b80-4732-8d74-75f9d67b279a,2025-01-10,2025,1,AA,N107NN,117,JFK,LAX,,,,,,-5.00,-45.00,false
d51b96c8-ae2c-420b-864d-e873da6e7290,2025-01-11,2025,1,AA,N117AN,117,JFK,LAX,83.00,0.00,0.00,0.00,0.00,104.00,83.00,false
eb822110-38e4-4ae0-afe7-d3e9d63994a8,2025-01-12,2025,1,AA,N106NN,117,JFK,LAX,,,,,,-5.00,-12.00,false
3da6b33f-4991-44a7-a4de-19a392fec671,2025-01-13,2025,1,AA,N107NN,117,JFK,LAX,,,,,,-5.00,-23.00,false
48b00a58-3379-4c49-8bbf-b4f06b39c430,2025-01-14,2025,1,AA,N108NN,117,JFK,LAX,,,,,,-6.00,-54.00,false
3971448b-0c77-4c6d-adb0-2589be021907,2025-01-15,2025,1,AA,N102NN,117,JFK,LAX,22.00,0.00,0.00,0.00,59.00,122.00,81.00,false
e19f331b-f3c4-48f2-bf1a-42a3791fa253,2025-01-16,2025,1,AA,N116AN,117,JFK,LAX,,,,,,5.00,-32.00,false
7c5b25cc-f440-43d6-89fd-20e364aa5db5,2025-01-17,2025,1,AA,N106NN,117,JFK,LAX,32.00,0.00,0.00,0.00,0.00,48.00,32.00,false
c8a0c92a-5c8b-43d1-b928-680f2dd90aec,2025-01-18,2025,1,AA,N105NN,117,JFK,LAX,,,,,,0.00,-19.00,false
b9550869-e1a0-47fa-b791-de70b6fdf447,2025-01-19,2025,1,AA,N103NN,117,JFK,LAX,,,,,,,,true
7d488303-982d-4b6b-bfb1-49e46d3ed0dc,2025-01-20,2025,1,AA,N104NN,117,JFK,LAX,,,,,,-4.00,-47.00,false
2b1ca8ad-2a1e-40e1-ab0b-7d6e18dc79b9,2025-01-21,2025,1,AA,N109NN,117,JFK,LAX,0.00,0.00,48.00,0.00,0.00,-4.00,48.00,false
144508e8-ad32-4cc7-9836-c615ff761c29,2025-01-22,2025,1,AA,N111ZM,117,JFK,LAX,,,,,,10.00,-16.00,false
fdd42978-1e72-4ad1-8b72-e274bbe662bc,2025-01-23,2025,1,AA,N102NN,117,JFK,LAX,,,,,,-7.00,-41.00,false
aa3244c9-167b-4cb3-a91b-a78ff4f0e7f8,2025-01-24,2025,1,AA,N104NN,117,JFK,LAX,,,,,,-7.00,-8.00,false
64882ad9-d8b5-4e29-80dc-7754ac4613b7,2025-01-25,2025,1,AA,N106NN,117,JFK,LAX,,,,,,-5.00,14.00,false
97f2aeb0-d14b-4076-b6db-f098c1d236bb,2025-01-26,2025,1,AA,N117AN,117,JFK,LAX,,,,,,13.00,12.00,false
a98ef71a-86a6-418c-a150-ef2701bed089,2025-01-27,2025,1,AA,N112AN,117,JFK,LAX,125.00,0.00,0.00,0.00,86.00,226.00,211.00,false
56215fa1-d55a-447e-9576-e78f5ffe25af,2025-01-28,2025,1,AA,N111ZM,117,JFK,LAX,,,,,,-4.00,-31.00,false
5921a2ad-7eed-4997-b222-b96f94de997e,2025-01-29,2025,1,AA,N102NN,117,JFK,LAX,,,,,,9.00,-21.00,false
08324c91-3673-49cc-9c7e-5284faa560d0,2025-01-30,2025,1,AA,N103NN,117,JFK,LAX,,,,,,-8.00,-36.00,false
07bed8f3-e09b-4aeb-81f2-5163efa30dc1,2025-01-31,2025,1,AA,N111ZM,117,JFK,LAX,,,,,,4.00,-20.00,false
1933db50-a15b-43a8-b247-77af16dd2769,2025-01-01,2025,1,AA,N109NN,118,LAX,JFK,,,,,,-8.00,-41.00,false
b9fe24df-8b46-4a3a-902e-607382c45a4a,2025-01-02,2025,1,AA,N104NN,118,LAX,JFK,314.00,0.00,0.00,0.00,0.00,325.00,314.00,false
fca57782-67a7-4a7e-9870-e6e16f61e953,2025-01-03,2025,1,AA,N112AN,118,LAX,JFK,,,,,,-6.00,-12.00,false
aa75c744-f624-4cfd-819b-3b865efc38a5,2025-01-04,2025,1,AA,N105NN,118,LAX,JFK,,,,,,-8.00,-28.00,false
89083d92-9515-4e51-8a80-0c4af868b048,2025-01-05,2025,1,AA,N116AN,118,LAX,JFK,,,,,,41.00,12.00,false
3fa980e4-9540-4f68-8d0d-1519fea4a55f,2025-01-06,2025,1,AA,N117AN,118,LAX,JFK,,,,,,-1.00,-33.00,false
dde6ef07-be9c-4c47-9fe7-4d7a875cd5a3,2025-01-07,2025,1,AA,N111ZM,118,LAX,JFK,,,,,,-7.00,-18.00,false
99855634-f485-4b07-9497-90716160bc44,2025-01-08,2025,1,AA,N102NN,118,LAX,JFK,,,,,,-1.00,-6.00,false
9ee0bed4-7b8a-4e85-81ea-c8ca983043f0,2025-01-09,2025,1,AA,N113AN,118,LAX,JFK,,,,,,-4.00,-21.00,false
bcccf4d2-e3ac-4a24-bc93-e132cfef0198,2025-01-10,2025,1,AA,N105NN,118,LAX,JFK,,,,,,-8.00,-25.00,false
598ac0a6-e715-463a-b596-1ad2a75ec6dc,2025-01-11,2025,1,AA,N107NN,118,LAX,JFK,,,,,,-5.00,-36.00,false
d52c450f-cf82-4dc6-a13d-6af5a99c8454,2025-01-12,2025,1,AA,N116AN,118,LAX,JFK,,,,,,-7.00,,false
3426e13a-9b7d-49d0-a835-fc235ca44525,2025-01-13,2025,1,AA,N111ZM,118,LAX,JFK,,,,,,-8.00,-39.00,false
4d1fa00e-0c60-4b3e-b0d4-f4d752c67960,2025-01-14,2025,1,AA,N104NN,118,LAX,JFK,,,,,,-12.00,-33.00,false
52c17fff-707a-4c57-973e-1a695c3ff7d1,2025-01-15,2025,1,AA,N103NN,118,LAX,JFK,,,,,,-10.00,9.00,false
5c6b0478-5f97-4e14-88bb-ab68f7469d2c,2025-01-16,2025,1,AA,N111ZM,118,LAX,JFK,,,,,,-10.00,-7.00,false
f0906a2a-036f-4540-8101-3fe1c91fe424,2025-01-17,2025,1,AA,N116AN,118,LAX,JFK,,,,,,-3.00,3.00,false
020ea1c9-375b-4ba5-8cb2-42e66f6385ce,2025-01-18,2025,1,AA,N117AN,118,LAX,JFK,,,,,,-2.00,-20.00,false
a3375159-d9b8-4c47-85cc-dce00f77381a,2025-01-19,2025,1,AA,N105NN,118,LAX,JFK,,,,,,-7.00,-19.00,false
35a9db07-f5ea-4f8a-afde-fd68d8b8318c,2025-01-20,2025,1,AA,N106NN,118,LAX,JFK,,,,,,-6.00,-38.00,false
5ee88920-e204-4df9-9acb-69fc97d66ca1,2025-01-21,2025,1,AA,N104NN,118,LAX,JFK,,,,,,-6.00,-21.00,false
562987c5-13b5-4636-9a84-a88c146d5495,2025-01-22,2025,1,AA,N108NN,118,LAX,JFK,,,,,,-5.00,-27.00,false
5df9962a-f91a-4f13-8ef6-55eecf735fdd,2025-01-23,2025,1,AA,N113AN,118,LAX,JFK,,,,,,-9.00,-26.00,false
ab5955d2-18be-4113-bb09-f53b310abbf0,2025-01-24,2025,1,AA,N103NN,118,LAX,JFK,,,,,,-10.00,-32.00,false
4c33dcc4-382c-42f1-9113-fe89021fd083,2025-01-25,2025,1,AA,N110AN,118,LAX,JFK,,,,,,-6.00,-39.00,false
aaf0dfa9-5a4a-45b8-916e-11631b5ae8fc,2025-01-26,2025,1,AA,N110AN,118,LAX,JFK,,,,,,-2.00,-48.00,false
a0b897f7-faa6-4d86-8074-f534ffe4a5c7,2025-01-27,2025,1,AA,N108NN,118,LAX,JFK,,,,,,-8.00,-33.00,false
41cfa4b8-6c4a-40d3-aed4-99258270fcfc,2025-01-28,2025,1,AA,N110AN,118,LAX,JFK,,,,,,-9.00,-29.00,false
265ceff3-79fc-4073-9aaf-30006d5171ba,2025-01-29,2025,1,AA,N109NN,118,LAX,JFK,,,,,,-7.00,-25.00,false
60089138-af31-47bc-92d3-152fc62433a7,2025-01-30,2025,1,AA,N110AN,118,LAX,JFK,,,,,,-5.00,-31.00,false
5fe0f38e-c3e7-4fae-94eb-79e6abd5daec,2025-01-31,2025,1,AA,N101NN,118,LAX,JFK,,,,,,6.00,8.00,false
b1f4b431-23c9-4409-acfe-d737ab786a44,2025-01-01,2025,1,AA,N757AN,119,DFW,OGG,,,,,,-4.00,-23.00,false
38e9e026-1009-475d-bc06-0c8a8e3fe652,2025-01-02,2025,1,AA,N757AN,119,DFW,OGG,,,,,,-5.00,-26.00,false
42b8d00f-c286-4b10-bbe3-3da04811e391,2025-01-03,2025,1,AA,N753AN,119,DFW,OGG,,,,,,-1.00,-26.00,false
7f13cf03-9573-45b5-8fd4-a91ab57effb2,2025-01-04,2025,1,AA,N767AJ,119,DFW,OGG,1.00,0.00,0.00,0.00,58.00,103.00,59.00,false
d52ae462-8bdb-44b8-ac44-439daf8c7c28,2025-01-05,2025,1,AA,N772AN,119,DFW,OGG,0.00,14.00,10.00,0.00,0.00,14.00,24.00,false
bde03b20-0b83-4ef2-a839-dba2b75aa06d,2025-01-06,2025,1,AA,N754AN,119,DFW,OGG,170.00,0.00,0.00,0.00,0.00,205.00,170.00,false
d124e99a-8e3a-487f-b032-b477adbeef89,2025-01-07,2025,1,AA,N779AN,119,DFW,OGG,,,,,,46.00,8.00,false
9f716596-84e1-4421-bea2-6a6bef5c0ad1,2025-01-08,2025,1,AA,N755AN,119,DFW,OGG,,,,,,-1.00,-32.00,false
3f422e27-fe42-4275-a333-8ff6066edd46,2025-01-09,2025,1,AA,N779AN,119,DFW,OGG,0.00,172.00,40.00,0.00,0.00,172.00,212.00,false
e84980cc-4fff-4d7b-b3c1-f2d2f38079f2,2025-01-10,2025,1,AA,N776AN,119,DFW,OGG,0.00,11.00,0.00,0.00,166.00,228.00,177.00,false
e701d9a9-9dac-4ef7-a839-953393cbc538,2025-01-11,2025,1,AA,N755AN,119,DFW,OGG,,,,,,19.00,-5.00,false
f1613c62-0fce-4b7f-b6c1-a5935598f343,2025-01-12,2025,1,AA,N776AN,119,DFW,OGG,,,,,,-4.00,-33.00,false
65b287dd-feb8-4922-8c20-6c42b6f33f8b,2025-01-13,2025,1,AA,N755AN,119,DFW,OGG,,,,,,-2.00,-47.00,false
5c13b922-50af-42c4-9008-921498209d80,2025-01-14,2025,1,AA,N777AN,119,DFW,OGG,,,,,,1.00,-36.00,false
a613630f-304d-4747-9f2a-3cd7ab274219,2025-01-15,2025,1,AA,N777AN,119,DFW,OGG,,,,,,-3.00,-52.00,false
a7c91172-cb76-4acc-b15c-d72ceccd533e,2025-01-16,2025,1,AA,N754AN,119,DFW,OGG,,,,,,4.00,-35.00,false
e730b896-25f1-4d6a-845e-d5a2ff2a4591,2025-01-17,2025,1,AA,N775AN,119,DFW,OGG,,,,,,4.00,-27.00,false
f79559c0-3867-4f00-b7e3-d13a74ba2459,2025-01-18,2025,1,AA,N755AN,119,DFW,OGG,,,,,,-7.00,-22.00,false
87cfb81b-bed0-4276-9291-51ee92350b04,2025-01-19,2025,1,AA,N760AN,119,DFW,OGG,30.00,0.00,0.00,0.00,0.00,53.00,30.00,false
d535d1cb-23a9-4a0b-ab24-b8f87605b92e,2025-01-20,2025,1,AA,N799AN,119,DFW,OGG,,,,,,-5.00,-20.00,false
b8643284-b744-419a-aaf9-df48daafaad5,2025-01-21,2025,1,AA,N798AN,119,DFW,OGG,87.00,0.00,12.00,0.00,0.00,87.00,99.00,false
e49bfdb2-ef9d-4167-ba71-66ddad053ce4,2025-01-22,2025,1,AA,N780AN,119,DFW,OGG,,,,,,0.00,3.00,false
b2f217da-c0c6-4c35-870a-d3983d6a13f2,2025-01-23,2025,1,AA,N798AN,119,DFW,OGG,,,,,,3.00,-16.00,false
1d906371-493d-48a1-8c39-80c9943d411d,2025-01-24,2025,1,AA,N799AN,119,DFW,OGG,,,,,,-4.00,-24.00,false
55a1a52f-3c37-4368-b4ba-bd8a46db01db,2025-01-25,2025,1,AA,N772AN,119,DFW,OGG,,,,,,-5.00,-27.00,false
2c2c21b7-8c55-41d1-bde1-989bf92f8428,2025-01-26,2025,1,AA,N791AN,119,DFW,OGG,,,,,,-6.00,-5.00,false
689aba75-d32b-4f33-b06f-0d949111b390,2025-01-27,2025,1,AA,N781AN,119,DFW,OGG,,,,,,21.00,5.00,false
48469af9-415e-458e-a56f-008c03496b00,2025-01-28,2025,1,AA,N791AN,119,DFW,OGG,83.00,0.00,6.00,0.00,0.00,83.00,89.00,false
dc9ab09a-a218-4434-b11b-1e27a81a70d3,2025-01-29,2025,1,AA,N750AN,119,DFW,OGG,,,,,,-4.00,-6.00,false
8dab60d8-5039-4776-b2dd-b9ee3e02e9d2,2025-01-30,2025,1,AA,N778AN,119,DFW,OGG,0.00,0.00,67.00,0.00,0.00,-5.00,67.00,false
12bf7009-f0db-4261-9cd6-54014da25f53,2025-01-31,2025,1,AA,N797AN,119,DFW,OGG,,,,,,-4.00,12.00,false
a650497b-9009-458f-814e-b40aa066d187,2025-01-01,2025,1,AA,N755AN,123,DFW,HNL,,,,,,4.00,-20.00,false
5c87e15c-6c5d-4c6d-a518-5430a0758f58,2025-01-02,2025,1,AA,N792AN,123,DFW,HNL,,,,,,-9.00,-36.00,false
29324160-a84c-40f7-b7c2-bfbc0943b16c,2025-01-03,2025,1,AA,N754AN,123,DFW,HNL,2.00,0.00,0.00,0.00,223.00,276.00,225.00,false
70c7a578-e14b-43e5-b317-be11d73c825e,2025-01-04,2025,1,AA,N795AN,123,DFW,HNL,,,,,,-4.00,-42.00,false
90a933b6-0091-4cfc-92da-d31c1265f493,2025-01-05,2025,1,AA,N777AN,123,DFW,HNL,133.00,0.00,0.00,0.00,0.00,157.00,133.00,false
a8b7cd16-1c23-40dd-a78a-875b31c354e1,2025-01-06,2025,1,AA,N779AN,123,DFW,HNL,157.00,0.00,0.00,0.00,0.00,191.00,157.00,false
a6704a1c-6f58-4411-9a12-e52154d317f5,2025-01-07,2025,1,AA,N818AL,123,DFW,HNL,19.00,0.00,0.00,0.00,0.00,56.00,19.00,false
2ae6244d-6e24-44b9-90e7-8b819ad8c91c,2025-01-08,2025,1,AA,N871AY,123,DFW,HNL,,,,,,0.00,-38.00,false
5244d3f7-eb9f-49ad-a758-6a7205601261,2025-01-09,2025,1,AA,N802AN,123,DFW,HNL,0.00,286.00,44.00,0.00,1204.00,1490.00,1534.00,false
c9caf116-844e-4bf9-a6db-9abed892a7df,2025-01-10,2025,1,AA,N876AL,123,DFW,HNL,,,,,,12.00,-17.00,false
fdddcb24-ecd7-4aba-b66a-cb6c7263174a,2025-01-11,2025,1,AA,N811AB,123,DFW,HNL,,,,,,23.00,-5.00,false
5b72bc62-92f5-4daf-aaca-715629b36638,2025-01-12,2025,1,AA,N810AN,123,DFW,HNL,,,,,,-2.00,-35.00,false
63aa9fa3-43f9-4f20-8b28-677581bddc7d,2025-01-13,2025,1,AA,N879BH,123,DFW,HNL,,,,,,0.00,-48.00,false
e421a982-800f-41fd-9753-fbbceca95627,2025-01-14,2025,1,AA,N883BM,123,DFW,HNL,,,,,,-1.00,-45.00,false
4e619862-7376-4ecf-a39a-0f34401728de,2025-01-15,2025,1,AA,N870AX,123,DFW,HNL,,,,,,-2.00,-48.00,false
c78fe4d4-8e6e-4bda-9089-5484b5220aee,2025-01-16,2025,1,AA,N815AA,123,DFW,HNL,,,,,,-8.00,-34.00,false
a23d6dbc-b862-4731-b496-b46f694abf90,2025-01-17,2025,1,AA,N809AA,123,DFW,HNL,31.00,0.00,0.00,0.00,0.00,48.00,31.00,false
e7ebd06e-1c13-40c2-9da4-6c1d8c15b12e,2025-01-18,2025,1,AA,N818AL,123,DFW,HNL,,,,,,-8.00,-2.00,false
f275ebdd-37a9-4dca-806e-ce94cd01bb63,2025-01-19,2025,1,AA,N884AA,123,DFW,HNL,,,,,,-8.00,-22.00,false
61b851f1-15e5-47df-ad13-84e214a6998f,2025-01-20,2025,1,AA,N875BD,123,DFW,HNL,,,,,,-7.00,-24.00,false
eef256b3-6f3b-410d-ac3f-d23611d2aa6c,2025-01-21,2025,1,AA,N800AN,123,DFW,HNL,,,,,,-2.00,-9.00,false
3a5df162-cae3-4662-9b58-c2c6767af49c,2025-01-22,2025,1,AA,N813AN,123,DFW,HNL,,,,,,8.00,11.00,false
7fddb4f3-f2b3-4820-a2df-4ce0670cf3b8,2025-01-23,2025,1,AA,N800AN,123,DFW,HNL,,,,,,-6.00,-12.00,false
815d6583-272e-4ca2-b3e1-4637b062eebd,2025-01-24,2025,1,AA,N872AN,123,DFW,HNL,,,,,,13.00,4.00,false
45c79d40-8abd-4152-8c35-7874daba73f4,2025-01-25,2025,1,AA,N801AC,123,DFW,HNL,203.00,0.00,8.00,0.00,0.00,203.00,211.00,false
b9c96a4f-499a-46a6-a34b-e05b59bb7a0f,2025-01-26,2025,1,AA,N800AN,123,DFW,HNL,,,,,,-13.00,-23.00,false
37310b88-124e-4bd2-afa5-debd546d8095,2025-01-27,2025,1,AA,N871AY,123,DFW,HNL,,,,,,-8.00,-4.00,false
bc891587-4d47-4313-a415-5aa3008632cc,2025-01-28,2025,1,AA,N811AB,123,DFW,HNL,,,,,,-8.00,-21.00,false
7f44d0b0-c583-400c-ad1f-3cd87e50de5c,2025-01-29,2025,1,AA,N816AA,123,DFW,HNL,,,,,,-2.00,-15.00,false
a9ccf5b3-ef95-4575-b373-7bbc6ab23ce2,2025-01-30,2025,1,AA,N815AA,123,DFW,HNL,0.00,41.00,19.00,0.00,0.00,41.00,60.00,false
d01d4db4-bce4-423f-af8d-5ba017c1b919,2025-01-31,2025,1,AA,N813AN,123,DFW,HNL,,,,,,1.00,2.00,false
7c6a0af9-c7f3-4b4a-81d9-8772e7bd905a,2025-01-01,2025,1,AA,N767AJ,124,HNL,DFW,,,,,,-7.00,-9.00,false
65f868d2-7344-48c8-b713-b6e2430dceb4,2025-01-02,2025,1,AA,N774AN,124,HNL,DFW,,,,,,-6.00,9.00,false
b28017bc-aa12-4f57-96a8-9e7627998545,2025-01-03,2025,1,AA,N754AN,124,HNL,DFW,15.00,0.00,11.00,0.00,93.00,108.00,119.00,false
9ce48976-4c4c-4b39-91ee-3191d89c6948,2025-01-04,2025,1,AA,N772AN,124,HNL,DFW,0.00,0.00,35.00,0.00,0.00,-1.00,35.00,false
83f27951-5516-4ce8-a9ac-fe022dd1998b,2025-01-05,2025,1,AA,N777AN,124,HNL,DFW,0.00,0.00,95.00,0.00,0.00,-2.00,95.00,false
c1593581-be39-4926-8a9c-31866aedcd46,2025-01-06,2025,1,AA,N779AN,124,HNL,DFW,0.00,0.00,12.00,0.00,19.00,19.00,31.00,false
7a51bef7-33c4-4bd7-9931-a0ea5047b60f,2025-01-07,2025,1,AA,N818AL,124,HNL,DFW,,,,,,-6.00,-5.00,false
16ed1063-b960-4902-b616-bea7ddcff4cf,2025-01-08,2025,1,AA,N871AY,124,HNL,DFW,,,,,,-10.00,-18.00,false
233a3cad-ce96-4700-960b-8a33bdfb6ebd,2025-01-09,2025,1,AA,N811AB,124,HNL,DFW,,,,,,,,true
18af25c1-b1bf-4850-ae72-17fefb7cdfc1,2025-01-10,2025,1,AA,N876AL,124,HNL,DFW,,,,,,0.00,-6.00,false
341c8289-2564-45b2-b8ba-85b51d88c2bf,2025-01-11,2025,1,AA,N811AB,124,HNL,DFW,,,,,,-6.00,-22.00,false
22b605a1-1ff2-4a6b-8a9a-a6b601e99db3,2025-01-12,2025,1,AA,N810AN,124,HNL,DFW,,,,,,-5.00,-7.00,false
8e11b47e-f044-4249-83d2-829ab1e736a5,2025-01-13,2025,1,AA,N883BM,124,HNL,DFW,0.00,0.00,33.00,0.00,0.00,0.00,33.00,false
90c154fd-6101-41c9-931d-c36f133da8f4,2025-01-14,2025,1,AA,N883BM,124,HNL,DFW,15.00,0.00,3.00,0.00,0.00,15.00,18.00,false
5885867f-4483-4d82-b7fc-84dac20b04e5,2025-01-15,2025,1,AA,N870AX,124,HNL,DFW,,,,,,-2.00,-5.00,false
bd721d6c-dbd7-4aaf-9433-5667c3eeb73f,2025-01-16,2025,1,AA,N879BH,124,HNL,DFW,,,,,,0.00,-4.00,false
2080d70c-dc0e-48ef-b8c0-bf3dd38e3e33,2025-01-17,2025,1,AA,N815AA,124,HNL,DFW,,,,,,-7.00,7.00,false
739f95ee-e705-4554-8cf2-b96349348d84,2025-01-18,2025,1,AA,N809AA,124,HNL,DFW,,,,,,-1.00,-13.00,false
315a67b1-3b85-4cf2-926c-5981c6cc850d,2025-01-19,2025,1,AA,N884AA,124,HNL,DFW,,,,,,-5.00,-31.00,false
7e040126-7839-477c-9c95-1135d2149495,2025-01-20,2025,1,AA,N818AL,124,HNL,DFW,,,,,,-11.00,-8.00,false
41dec8ed-8f18-4870-8893-e95495c02ef3,2025-01-21,2025,1,AA,N875BD,124,HNL,DFW,,,,,,-8.00,-29.00,false
20a09f67-0d40-4f42-a5d4-5c4c0c4dda4f,2025-01-22,2025,1,AA,N800AN,124,HNL,DFW,,,,,,1.00,-23.00,false
e281acf3-c896-466d-99cf-8861e9446a4e,2025-01-23,2025,1,AA,N813AN,124,HNL,DFW,,,,,,-5.00,-8.00,false
af7d1b69-1682-4223-a8b7-681a19c8bb79,2025-01-24,2025,1,AA,N872AN,124,HNL,DFW,,,,,,-8.00,-19.00,false
178cf1ea-2b27-4d47-8091-dbd43b422ea0,2025-01-25,2025,1,AA,N800AN,124,HNL,DFW,,,,,,-1.00,-15.00,false
16c9a095-acd2-4003-9288-4400f1fafb34,2025-01-26,2025,1,AA,N800AN,124,HNL,DFW,,,,,,-5.00,-33.00,false
97547320-1453-42ff-9ae0-6d7ffa4156db,2025-01-27,2025,1,AA,N801AC,124,HNL,DFW,,,,,,-3.00,-14.00,false
f8190c8f-c581-4594-8d02-82f14b0a691f,2025-01-28,2025,1,AA,N811AB,124,HNL,DFW,,,,,,-8.00,-16.00,false
aa0d4c3a-e154-4fc1-8a2c-607ba7c0b6e0,2025-01-29,2025,1,AA,N816AA,124,HNL,DFW,55.00,0.00,0.00,0.00,0.00,61.00,55.00,false
31b9a1f6-eacd-45f9-bf0f-0d415906eac7,2025-01-30,2025,1,AA,N871AY,124,HNL,DFW,27.00,0.00,24.00,0.00,0.00,27.00,51.00,false
6e206754-e7ae-4e12-9334-b251519bf346,2025-01-31,2025,1,AA,N815AA,124,HNL,DFW,8.00,0.00,13.00,0.00,0.00,8.00,21.00,false
9957ac0b-f637-4dc6-86ce-637afe51d4e3,2025-01-01,2025,1,AA,N432AN,143,LAX,HNL,,,,,,-7.00,-36.00,false
a733246c-c86e-4c1d-95be-c8c696cf15cc,2025-01-02,2025,1,AA,N426AN,143,LAX,HNL,,,,,,-6.00,-36.00,false
30747cae-69f9-4ea6-affe-380b6890ac60,2025-01-03,2025,1,AA,N440AN,143,LAX,HNL,,,,,,-1.00,-31.00,false
dfc5b15e-ab92-4bcb-a64a-2844f44fd92a,2025-01-04,2025,1,AA,N402AN,143,LAX,HNL,,,,,,15.00,-16.00,false
87a90239-e6ac-415b-b8f9-e615a44a741f,2025-01-05,2025,1,AA,N456AN,143,LAX,HNL,,,,,,-6.00,-29.00,false
92a239c6-e173-4504-802f-0e158c0ac335,2025-01-06,2025,1,AA,N443AA,143,LAX,HNL,,,,,,6.00,-23.00,false
96953a85-5ae4-4def-8c7d-e578da78c2da,2025-01-07,2025,1,AA,N406AN,143,LAX,HNL,,,,,,-2.00,-23.00,false
226440e5-3dea-4fb6-a45c-9e34f94c3e7b,2025-01-08,2025,1,AA,N415AN,143,LAX,HNL,,,,,,-4.00,-43.00,false
c08d27ed-8dd3-4dce-9923-38cb1067512c,2025-01-09,2025,1,AA,N444UW,143,LAX,HNL,0.00,0.00,0.00,0.00,36.00,75.00,36.00,false
1bc51d89-c53d-4577-9897-35f9a52eca9b,2025-01-10,2025,1,AA,N458AL,143,LAX,HNL,,,,,,-5.00,-38.00,false
6f247557-4ed3-4653-af88-2a4a758cd4f2,2025-01-11,2025,1,AA,N419AN,143,LAX,HNL,,,,,,-3.00,-25.00,false
8ec9d9b7-7c8d-4e34-8269-beab04db9fa7,2025-01-12,2025,1,AA,N442AN,143,LAX,HNL,,,,,,-6.00,-34.00,false
3472ec40-ea30-409e-b83a-8e39cb0eb1bc,2025-01-13,2025,1,AA,N424AN,143,LAX,HNL,,,,,,-6.00,-44.00,false
09de4836-be31-4225-b159-538beff65776,2025-01-14,2025,1,AA,N429AN,143,LAX,HNL,,,,,,-10.00,-68.00,false
3a67fcaf-c19b-439d-9de1-8d292b994603,2025-01-15,2025,1,AA,N448AN,143,LAX,HNL,,,,,,-4.00,-42.00,false
04469706-2ddd-4f5e-a201-fd4ed470b459,2025-01-16,2025,1,AA,N461AN,143,LAX,HNL,,,,,,-7.00,-45.00,false
ba23875a-27b6-48ed-8619-60c354dbe2de,2025-01-17,2025,1,AA,N471AN,143,LAX,HNL,,,,,,-6.00,-16.00,false
b98f3361-6ba0-4cf0-9a39-b3cc88175a6c,2025-01-18,2025,1,AA,N408AN,143,LAX,HNL,,,,,,1.00,-23.00,false
31eead6f-22c6-4b10-aef9-eec253ef91d0,2025-01-19,2025,1,AA,N404AN,143,LAX,HNL,,,,,,-3.00,-30.00,false
89c948c6-cca0-46c9-b67f-264a658e31f6,2025-01-20,2025,1,AA,N466AN,143,LAX,HNL,,,,,,-1.00,-39.00,false
0a4845b6-0f1f-4149-b9db-af4ccaddb684,2025-01-21,2025,1,AA,N469AN,143,LAX,HNL,,,,,,-9.00,-31.00,false
870a5eb1-1912-4f64-94d2-9a3054de470a,2025-01-22,2025,1,AA,N437AN,143,LAX,HNL,,,,,,-3.00,-16.00,false
574c2857-3305-4669-885a-11c0407c3862,2025-01-23,2025,1,AA,N419AN,143,LAX,HNL,,,,,,-8.00,-31.00,false
a2a90a6c-0268-4d57-bc3b-e3b28e57f92d,2025-01-24,2025,1,AA,N462AA,143,LAX,HNL,,,,,,-3.00,-24.00,false
413e6a18-f240-4084-b9a9-d1aa8603128f,2025-01-25,2025,1,AA,N403AN,143,LAX,HNL,,,,,,-5.00,9.00,false
7b020304-9beb-4734-a96e-3c715bd189b2,2025-01-26,2025,1,AA,N435AN,143,LAX,HNL,0.00,0.00,0.00,0.00,171.00,192.00,171.00,false
44679982-b209-40cf-86b0-1598afd617d0,2025-01-27,2025,1,AA,N448AN,143,LAX,HNL,,,,,,-4.00,-3.00,false
8006cfee-9e75-415b-98f9-0e4bfac2b9cc,2025-01-28,2025,1,AA,N406AN,143,LAX,HNL,,,,,,-6.00,-18.00,false
0adf9037-e137-4e38-8c28-fafc29df059e,2025-01-29,2025,1,AA,N446AN,143,LAX,HNL,,,,,,-2.00,-22.00,false
81975df6-aa2d-41ec-b4b5-bf0bec11d40f,2025-01-30,2025,1,AA,N434AN,143,LAX,HNL,,,,,,10.00,-1.00,false
6b1fa0f0-5981-4fd4-938b-80efa3234ea7,2025-01-31,2025,1,AA,N439AN,143,LAX,HNL,,,,,,28.00,9.00,false
ac27f597-d261-4a88-b1bc-28056c28117d,2025-01-01,2025,1,AA,N404AN,144,HNL,LAX,,,,,,-13.00,-19.00,false
0ad32259-0518-493b-8482-cc6bedac368f,2025-01-02,2025,1,AA,N402AN,144,HNL,LAX,,,,,,-10.00,3.00,false
9ae98151-03d8-4558-8b4e-09f61b3bbb8f,2025-01-03,2025,1,AA,N460AN,144,HNL,LAX,,,,,,-8.00,-10.00,false
d3b434ef-3990-4a98-a6ee-84a5daccdc61,2025-01-04,2025,1,AA,N467AL,144,HNL,LAX,,,,,,-10.00,-3.00,false
a0201f7a-65d8-4708-b056-c475a87a9f01,2025-01-05,2025,1,AA,N465AN,144,HNL,LAX,,,,,,16.00,-1.00,false
d58e9cbe-2f15-4d55-82b4-c783880a7d9a,2025-01-06,2025,1,AA,N418AN,144,HNL,LAX,,,,,,-5.00,-8.00,false
ebee99c4-0124-4407-ac66-b0698b8f3434,2025-01-07,2025,1,AA,N779AN,152,OGG,DFW,0.00,0.00,27.00,0.00,0.00,0.00,27.00,false
47368601-8d39-42c7-8a86-272d09774a3c,2025-01-08,2025,1,AA,N755AN,152,OGG,DFW,,,,,,-5.00,5.00,false
99e88f56-613d-4113-921a-d108e02df36e,2025-01-09,2025,1,AA,N779AN,152,OGG,DFW,7.00,0.00,11.00,0.00,81.00,88.00,99.00,false
7fa0c840-478d-4e52-a408-febac4c1a054,2025-01-10,2025,1,AA,N776AN,152,OGG,DFW,0.00,0.00,0.00,0.00,31.00,40.00,31.00,false
a41eec7a-fa57-4627-9671-1e3c342cdb32,2025-01-11,2025,1,AA,N755AN,152,OGG,DFW,,,,,,-10.00,-15.00,false
6d773b00-05ce-492d-ae6a-c5aa53c615e3,2025-01-12,2025,1,AA,N776AN,152,OGG,DFW,,,,,,-5.00,-14.00,false
ea254feb-b5b7-407e-af33-9c2e990f2609,2025-01-13,2025,1,AA,N755AN,152,OGG,DFW,,,,,,-7.00,5.00,false
682283e4-bc90-4297-a1ad-abee44684853,2025-01-14,2025,1,AA,N777AN,152,OGG,DFW,,,,,,-2.00,3.00,false
cb4356f4-faaf-4287-8e64-93e2518c6317,2025-01-15,2025,1,AA,N777AN,152,OGG,DFW,,,,,,0.00,-5.00,false
d756bfbe-2a60-47eb-a02f-083fd1b5ba14,2025-01-16,2025,1,AA,N754AN,152,OGG,DFW,,,,,,-2.00,-9.00,false
1c524ee3-64d1-45a7-90f1-9b2d9b0383cd,2025-01-17,2025,1,AA,N789AN,152,OGG,DFW,121.00,0.00,0.00,0.00,1475.00,1613.00,1596.00,false
b7712bf5-0413-42cb-a265-d0e06a11d4b2,2025-01-18,2025,1,AA,N755AN,152,OGG,DFW,,,,,,-4.00,-20.00,false
3d3bb297-695c-4821-947c-c8ddb268092a,2025-01-19,2025,1,AA,N760AN,152,OGG,DFW,,,,,,30.00,8.00,false
9132f326-41ba-4655-a259-0085be6b1b39,2025-01-20,2025,1,AA,N799AN,152,OGG,DFW,,,,,,-4.00,-2.00,false
74864ea1-3fab-4af7-ae0b-8077a31e7f60,2025-01-21,2025,1,AA,N798AN,152,OGG,DFW,,,,,,-5.00,-20.00,false
813356b2-ccf9-4f60-92ac-b77b5dcf0de3,2025-01-22,2025,1,AA,N780AN,152,OGG,DFW,,,,,,-7.00,-25.00,false
b3e5107b-eaa1-499f-9af4-fe897522a23c,2025-01-23,2025,1,AA,N798AN,152,OGG,DFW,,,,,,-7.00,-11.00,false
3e109c68-3b21-40b8-8e67-8a263d85d7b2,2025-01-24,2025,1,AA,N799AN,152,OGG,DFW,,,,,,-4.00,-17.00,false
895016b1-e5c0-4965-acec-daef380bdfc4,2025-01-25,2025,1,AA,N772AN,152,OGG,DFW,,,,,,-4.00,-7.00,false
d9bdffa9-65ec-4853-b622-77000ddd9276,2025-01-26,2025,1,AA,N791AN,152,OGG,DFW,,,,,,-3.00,-26.00,false
60c46d16-1336-4df8-916c-f7fba98251df,2025-01-27,2025,1,AA,N781AN,152,OGG,DFW,,,,,,-8.00,-42.00,false
a1d0adc9-3153-4390-828d-b3e9539ee8a5,2025-01-28,2025,1,AA,N791AN,152,OGG,DFW,,,,,,-8.00,-25.00,false
2e6fc66f-b956-4f4f-8225-fd584adc06f4,2025-01-29,2025,1,AA,N750AN,152,OGG,DFW,,,,,,0.00,13.00,false
31ec04ee-0b7a-4450-81d5-d8e2d2721156,2025-01-30,2025,1,AA,N778AN,152,OGG,DFW,,,,,,-8.00,5.00,false
bd72d868-3dca-410e-8790-d9cd774c4444,2025-01-31,2025,1,AA,N797AN,152,OGG,DFW,,,,,,-2.00,-4.00,false
5d1cd56a-8240-4a12-871c-4d2a4d47f5b7,2025-01-01,2025,1,AA,N876AL,162,HNL,LAX,,,,,,-5.00,-28.00,false
d2cf49eb-6ba3-4dcb-a1eb-149f2e3da8c5,2025-01-02,2025,1,AA,N809AA,162,HNL,LAX,,,,,,-6.00,-9.00,false
e9883f76-7f87-481f-a3f9-82c9c16ca5fb,2025-01-03,2025,1,AA,N875BD,162,HNL,LAX,,,,,,-1.00,1.00,false
c77a54e4-e359-4428-a672-c9587bf7caf8,2025-01-04,2025,1,AA,N811AB,162,HNL,LAX,,,,,,0.00,7.00,false
46862547-2440-49a7-9eb4-8b6ccc6f1f60,2025-01-05,2025,1,AA,N875BD,162,HNL,LAX,,,,,,-1.00,0.00,false
92fa9c9a-d420-4502-ab52-7b3cd5048096,2025-01-06,2025,1,AA,N875BD,162,HNL,LAX,0.00,0.00,33.00,0.00,0.00,0.00,33.00,false
b674b5f6-0423-4c37-9b1e-4921c8345d88,2025-01-07,2025,1,AA,N403AN,162,HNL,LAX,,,,,,-5.00,-11.00,false
f8164a53-6336-418f-a2c8-d9ee2c36f744,2025-01-08,2025,1,AA,N420AN,162,HNL,LAX,,,,,,-3.00,-10.00,false
a27ca104-5362-4294-a651-d7b71412d229,2025-01-09,2025,1,AA,N415AN,162,HNL,LAX,,,,,,-10.00,1.00,false
1dd984ac-2198-460d-8a16-f944e250a579,2025-01-10,2025,1,AA,N444UW,162,HNL,LAX,,,,,,-8.00,-17.00,false
cf3a8f0d-26b5-4a4c-9245-313ddf3c3791,2025-01-11,2025,1,AA,N432AN,162,HNL,LAX,,,,,,-6.00,-15.00,false
a8ab1aae-7357-48c3-b62c-773dd7dd2fe1,2025-01-12,2025,1,AA,N461AN,162,HNL,LAX,,,,,,2.00,-14.00,false
1760f311-0da5-4727-bb7f-ded4b5e54744,2025-01-13,2025,1,AA,N468AN,162,HNL,LAX,,,,,,-3.00,8.00,false
13e718a4-b4e2-4f25-9da3-789875c1239c,2025-01-14,2025,1,AA,N402AN,162,HNL,LAX,0.00,0.00,19.00,0.00,0.00,-3.00,19.00,false
b06f90d7-11ab-4139-81aa-0e5d12ddde4e,2025-01-15,2025,1,AA,N457AM,162,HNL,LAX,,,,,,-3.00,6.00,false
241f8e71-7e51-428f-ba45-80b8d4b8be69,2025-01-16,2025,1,AA,N445AA,162,HNL,LAX,,,,,,-2.00,0.00,false
00f76200-e4c9-4283-81e0-645c6012e1a9,2025-01-17,2025,1,AA,N422AN,162,HNL,LAX,,,,,,-3.00,9.00,false
a6b14fbf-eefd-457c-89e8-a964a1c955f0,2025-01-18,2025,1,AA,N421UW,162,HNL,LAX,,,,,,-8.00,-14.00,false
ebb69fa2-8713-4bc0-bc73-226401e2b2bb,2025-01-19,2025,1,AA,N441UW,162,HNL,LAX,,,,,,-5.00,-12.00,false
07d1af70-c61b-4e68-93d6-f17689901607,2025-01-20,2025,1,AA,N404AN,162,HNL,LAX,19.00,0.00,13.00,0.00,0.00,19.00,32.00,false
b008fbed-1738-443c-b22f-e6df338d93a9,2025-01-21,2025,1,AA,N428AA,162,HNL,LAX,,,,,,-4.00,-12.00,false
7a24dac4-a559-438e-9374-e0711a32a4e4,2025-01-22,2025,1,AA,N440AN,162,HNL,LAX,,,,,,-7.00,-18.00,false
937d3e15-c454-4158-be06-fd309613edc8,2025-01-23,2025,1,AA,N450AN,162,HNL,LAX,,,,,,-5.00,-11.00,false
6c55e0bc-5a8d-40a9-911f-a481d6ab649e,2025-01-24,2025,1,AA,N419AN,162,HNL,LAX,,,,,,-2.00,1.00,false
53aa9565-61b5-4e59-aeb4-bdf26bdf839b,2025-01-25,2025,1,AA,N435AN,162,HNL,LAX,,,,,,-8.00,-8.00,false
af0a3bd6-36b7-4525-bcf9-3fdcf468867f,2025-01-26,2025,1,AA,N413AN,162,HNL,LAX,,,,,,-13.00,-15.00,false
6f09e158-1841-44a6-be87-118359697860,2025-01-27,2025,1,AA,N453AA,162,HNL,LAX,0.00,0.00,9.00,0.00,20.00,20.00,29.00,false
b0642eab-c33d-4621-978d-12893956def9,2025-01-28,2025,1,AA,N453AA,162,HNL,LAX,,,,,,-11.00,-13.00,false
e6ebfc47-d4f5-43af-a9c0-2055c8985b08,2025-01-29,2025,1,AA,N435AN,162,HNL,LAX,,,,,,-8.00,-22.00,false
0091e332-03d9-4440-a4dd-33c2bcb33321,2025-01-30,2025,1,AA,N448AN,162,HNL,LAX,0.00,0.00,26.00,0.00,0.00,-2.00,26.00,false
71435b09-311e-44f6-b0b6-f9a468d90799,2025-01-31,2025,1,AA,N432AN,162,HNL,LAX,0.00,0.00,0.00,0.00,54.00,62.00,54.00,false
4cc02b8e-34ef-46ed-8dcc-0fd4e1cc35c8,2025-01-01,2025,1,AA,N101NN,164,SFO,JFK,,,,,,-6.00,-40.00,false
afef43ee-9f9b-404e-88cd-5d3484b26ad9,2025-01-02,2025,1,AA,N117AN,164,SFO,JFK,,,,,,12.00,-6.00,false
98825197-47ed-49d0-9fce-bb20be8aabe4,2025-01-03,2025,1,AA,N101NN,164,SFO,JFK,,,,,,13.00,2.00,false
10e0cd71-bcc7-41e0-8200-6007188267aa,2025-01-05,2025,1,AA,N103NN,164,SFO,JFK,64.00,0.00,0.00,0.00,2.00,87.00,66.00,false
2735d6a7-3645-497b-abd6-f0265eb480c7,2025-01-06,2025,1,AA,N110AN,164,SFO,JFK,53.00,0.00,0.00,0.00,0.00,54.00,53.00,false
55598faf-1a0a-4a9c-ab6d-493b7f52fd51,2025-01-01,2025,1,AA,N954AN,165,MCO,ORD,,,,,,-4.00,-19.00,false
bb78f660-045b-47ec-a6b9-5c8d6b57f53c,2025-01-07,2025,1,AA,N104NN,166,SFO,JFK,,,,,,-3.00,4.00,false
6a6b279d-95a8-4033-8aad-67dc63270741,2025-01-08,2025,1,AA,N116AN,166,SFO,JFK,,,,,,-7.00,1.00,false
000619d8-0384-4b5a-8f78-1949fb0e680a,2025-01-09,2025,1,AA,N110AN,166,SFO,JFK,8.00,0.00,12.00,0.00,0.00,8.00,20.00,false
c7e8a7b1-9b79-4a68-8c76-34c200b9e038,2025-01-12,2025,1,AA,N107NN,166,SFO,JFK,,,,,,-3.00,-18.00,false
79d6382e-202b-48e9-b793-00e2563759ee,2025-01-13,2025,1,AA,N117AN,166,SFO,JFK,,,,,,6.00,4.00,false
64250ff9-cb12-4075-bf2d-9fa4ad012e23,2025-01-14,2025,1,AA,N106NN,166,SFO,JFK,,,,,,-8.00,-12.00,false
4e7409e2-bdbf-47d9-b611-38da63486df9,2025-01-15,2025,1,AA,N107NN,166,SFO,JFK,,,,,,-10.00,-6.00,false
d30e151d-eabc-4774-9cd9-b976b5025821,2025-01-16,2025,1,AA,N101NN,166,SFO,JFK,,,,,,-6.00,14.00,false
fc314c3a-8e8c-4973-859d-4a27d7adb513,2025-01-17,2025,1,AA,N105NN,166,SFO,JFK,,,,,,-8.00,-7.00,false
4d5b538d-23a1-4075-b371-c831ce77c553,2025-01-19,2025,1,AA,N104NN,166,SFO,JFK,0.00,0.00,132.00,0.00,0.00,60.00,132.00,false
46fc32f4-dcbf-45ac-b116-d82ea2f8e058,2025-01-20,2025,1,AA,N116AN,166,SFO,JFK,0.00,0.00,9.00,0.00,54.00,54.00,63.00,false
3cf8a062-49a0-4112-81ff-125342c06fee,2025-01-21,2025,1,AA,N107NN,166,SFO,JFK,,,,,,-8.00,-29.00,false
95881987-aaf0-4ece-a24e-668c96196852,2025-01-22,2025,1,AA,N101NN,166,SFO,JFK,,,,,,-3.00,-1.00,false
584e033c-6621-4a0e-aab5-df7067f17c26,2025-01-23,2025,1,AA,N106NN,166,SFO,JFK,,,,,,-6.00,-11.00,false
30c32165-1abb-41e6-8b7f-706d89097d05,2025-01-24,2025,1,AA,N116AN,166,SFO,JFK,,,,,,-8.00,-37.00,false
dc0bb360-b07a-4533-9815-699a9cb1133f,2025-01-26,2025,1,AA,N108NN,166,SFO,JFK,,,,,,-2.00,-15.00,false
377eaebc-4a53-4d64-aba2-c83a1a289b62,2025-01-27,2025,1,AA,N116AN,166,SFO,JFK,0.00,0.00,18.00,0.00,0.00,-10.00,18.00,false
a1a896f6-2b9c-4951-8192-3449e2b5ae3b,2025-01-28,2025,1,AA,N113AN,166,SFO,JFK,,,,,,-4.00,-21.00,false
85b7cba6-9958-46d1-a0ff-57d0129ef14e,2025-01-29,2025,1,AA,N103NN,166,SFO,JFK,,,,,,-6.00,-14.00,false
b292d1ec-f865-44ab-b8e2-47c277809bc0,2025-01-30,2025,1,AA,N104NN,166,SFO,JFK,,,,,,-5.00,-20.00,false
25906cf7-a9a0-4265-bbf9-80416d072866,2025-01-31,2025,1,AA,N117AN,166,SFO,JFK,,,,,,-9.00,4.00,false
1ca2e783-07e6-452f-b3fb-5e8655664618,2025-01-01,2025,1,AA,N112AN,171,JFK,LAX,,,,,,-6.00,-10.00,false
ee59be7d-1136-414d-8aeb-bdb0c4413677,2025-01-02,2025,1,AA,N112AN,171,JFK,LAX,,,,,,-6.00,-7.00,false
264b3861-3485-4d83-9720-416d92a3c7c7,2025-01-03,2025,1,AA,N111ZM,171,JFK,LAX,,,,,,-7.00,-14.00,false
b5100e25-d1fb-472a-9ef9-ac45eb157d94,2025-01-04,2025,1,AA,N116AN,171,JFK,LAX,,,,,,-3.00,-10.00,false
2934f419-2c6b-448e-84b2-c739345d6bb7,2025-01-05,2025,1,AA,N112AN,171,JFK,LAX,,,,,,-7.00,-1.00,false
0953c76f-a052-47bb-84b6-bb21e9977b1a,2025-01-06,2025,1,AA,N111ZM,171,JFK,LAX,,,,,,-3.00,-21.00,false
29e19d18-40f1-4643-b2a0-7fa20bf4a797,2025-01-07,2025,1,AA,N102NN,171,JFK,LAX,,,,,,-2.00,-26.00,false
d36c1113-15fa-4a04-8c00-86dd2df0e4dd,2025-01-08,2025,1,AA,N108NN,171,JFK,LAX,,,,,,-4.00,,false
96258a69-1848-41b0-a2df-7b6ae08a91e2,2025-01-09,2025,1,AA,N112AN,171,JFK,LAX,,,,,,-5.00,-55.00,false
d51587a0-5b8c-438b-82df-f060191b9098,2025-01-10,2025,1,AA,N108NN,171,JFK,LAX,,,,,,-5.00,-37.00,false
3e763cfe-5da0-4146-b5fb-67c631be6863,2025-01-11,2025,1,AA,N117AN,171,JFK,LAX,,,,,,0.00,13.00,false
cb0a4883-5513-4199-a395-cf18e5771ddb,2025-01-12,2025,1,AA,N106NN,171,JFK,LAX,,,,,,-8.00,12.00,false
d46ffff3-f8d4-4db1-a82f-f2ed5597d0bf,2025-01-13,2025,1,AA,N107NN,171,JFK,LAX,,,,,,-3.00,-32.00,false
c2d29e27-2296-4d1b-864f-1d3c24c104ea,2025-01-14,2025,1,AA,N108NN,171,JFK,LAX,,,,,,-5.00,-26.00,false
6053bd3d-d1c6-4858-9e3f-14fe1c111430,2025-01-15,2025,1,AA,N109NN,171,JFK,LAX,,,,,,-5.00,-59.00,false
62e47a3e-5aa4-4c52-813f-2aa0d8b1c19a,2025-01-16,2025,1,AA,N116AN,171,JFK,LAX,,,,,,-8.00,-43.00,false
99dc68c7-e8e3-4238-b659-706f94f1bbe5,2025-01-17,2025,1,AA,N109NN,171,JFK,LAX,,,,,,-4.00,-26.00,false
f2bf0b3b-216e-4bd4-8c4c-50b51b5d5b61,2025-01-18,2025,1,AA,N110AN,171,JFK,LAX,,,,,,-5.00,-22.00,false
bb2cfd19-2e1c-4d19-af65-76cc83c22426,2025-01-19,2025,1,AA,N103NN,171,JFK,LAX,,,,,,-10.00,-25.00,false
cbd6f4a6-bd20-4642-a0c2-4b4e8b4c1b7f,2025-01-20,2025,1,AA,N104NN,171,JFK,LAX,,,,,,19.00,6.00,false
72eb8091-9f10-465d-87cb-f51c7ba78e72,2025-01-21,2025,1,AA,N109NN,171,JFK,LAX,,,,,,-2.00,-24.00,false
bf0f3cd2-b18e-4ef3-99a9-0d478b9a48be,2025-01-22,2025,1,AA,N106NN,171,JFK,LAX,,,,,,4.00,-19.00,false
6d2af7b6-7b32-4cf8-a556-3a890e323360,2025-01-23,2025,1,AA,N102NN,171,JFK,LAX,,,,,,-5.00,-33.00,false
2ffd914f-5286-4ba2-80c0-751affa11633,2025-01-24,2025,1,AA,N104NN,171,JFK,LAX,,,,,,-3.00,-20.00,false
0c2352ce-3c02-4002-a3e7-a28fbadc92f4,2025-01-25,2025,1,AA,N117AN,171,JFK,LAX,0.00,0.00,23.00,0.00,0.00,-5.00,23.00,false
68df822a-e407-45a5-8510-790858b2a6bf,2025-01-26,2025,1,AA,N101NN,171,JFK,LAX,,,,,,-1.00,12.00,false
464eefab-eff5-4b07-a715-d71f89616974,2025-01-27,2025,1,AA,N109NN,171,JFK,LAX,,,,,,12.00,-23.00,false
04a92dca-5fb8-4498-b5fe-ea0f666ece96,2025-01-28,2025,1,AA,N111ZM,171,JFK,LAX,,,,,,-5.00,-39.00,false
30b61912-ff8f-4af4-a75e-ef1ddf249dcc,2025-01-29,2025,1,AA,N113AN,171,JFK,LAX,122.00,0.00,0.00,0.00,0.00,135.00,122.00,false
d19c807d-1c55-4020-b9ea-b7f809547a5c,2025-01-30,2025,1,AA,N103NN,171,JFK,LAX,,,,,,-8.00,-44.00,false
2876f3cd-898b-4e02-ab6d-db97be0469e2,2025-01-31,2025,1,AA,N111ZM,171,JFK,LAX,17.00,0.00,0.00,0.00,0.00,26.00,17.00,false
d11f7b3d-3531-4f03-9206-b60bc7629c81,2025-01-05,2025,1,AA,N104NN,177,JFK,SFO,,,,,,0.00,-19.00,false
84869588-ee97-403e-8f00-68686f98ef44,2025-01-06,2025,1,AA,N105NN,177,JFK,SFO,,,,,,-3.00,-31.00,false
39ac4ad1-23b4-4dc1-a235-e253e2735b16,2025-01-07,2025,1,AA,N107NN,177,JFK,SFO,,,,,,0.00,-53.00,false
e76093d2-16fa-4096-90d0-a2ff2ef72aed,2025-01-08,2025,1,AA,N101NN,177,JFK,SFO,,,,,,-5.00,-45.00,false
d98a871f-03b9-4c44-8c69-73c7d851db11,2025-01-09,2025,1,AA,N116AN,177,JFK,SFO,,,,,,3.00,-48.00,false
10dc858d-d281-48fa-b6b6-2525cba26597,2025-01-10,2025,1,AA,N104NN,177,JFK,SFO,,,,,,-4.00,-23.00,false
a70d179e-14f9-4763-96d2-b7a85402f0b0,2025-01-11,2025,1,AA,N102NN,177,JFK,SFO,,,,,,-4.00,-8.00,false
947fd937-1064-46a6-b247-b092bc09cd14,2025-01-12,2025,1,AA,N109NN,177,JFK,SFO,91.00,0.00,0.00,0.00,0.00,115.00,91.00,false
3a8f7e71-f9fb-4924-bff5-2f1e59fd8981,2025-01-13,2025,1,AA,N110AN,177,JFK,SFO,,,,,,-5.00,-46.00,false
6a94e61a-33ce-43f3-9603-90701ee129b2,2025-01-14,2025,1,AA,N117AN,177,JFK,SFO,,,,,,-4.00,-55.00,false
22758e6b-9241-4008-950a-5b3c25040c9e,2025-01-15,2025,1,AA,N112AN,177,JFK,SFO,,,,,,-7.00,-45.00,false
911d3177-9824-4c27-9f7e-3df4b269d47b,2025-01-16,2025,1,AA,N103NN,177,JFK,SFO,,,,,,0.00,-8.00,false
8c44def9-b755-4244-9b7c-2d78104bb6df,2025-01-17,2025,1,AA,N101NN,177,JFK,SFO,,,,,,-7.00,-17.00,false
2aceca96-709c-44f8-aba0-28f92688d3c5,2025-01-18,2025,1,AA,N108NN,177,JFK,SFO,,,,,,6.00,-17.00,false
fcf6205d-ef0a-4463-b19c-dedc2024667c,2025-01-19,2025,1,AA,N117AN,177,JFK,SFO,0.00,7.00,0.00,0.00,181.00,195.00,188.00,false
7c78f046-7622-442e-81bb-2e498deaf94f,2025-01-20,2025,1,AA,N103NN,177,JFK,SFO,,,,,,-5.00,-51.00,false
679b1650-a26b-43df-bb2c-47639abf360a,2025-01-21,2025,1,AA,N112AN,177,JFK,SFO,,,,,,10.00,1.00,false
16ad0f3a-41a4-4d7b-a6b8-b27ef922183c,2025-01-22,2025,1,AA,N116AN,177,JFK,SFO,,,,,,-5.00,-43.00,false
5009d47d-4046-461d-a0d1-6019bc1924dd,2025-01-23,2025,1,AA,N101NN,177,JFK,SFO,,,,,,15.00,-15.00,false
70bbe83b-ff2f-46d4-bf3c-d41429d311b5,2025-01-24,2025,1,AA,N105NN,177,JFK,SFO,,,,,,0.00,-11.00,false
3e37dfe6-16f3-4d12-8e06-490a790632ca,2025-01-25,2025,1,AA,N112AN,177,JFK,SFO,0.00,0.00,0.00,0.00,61.00,72.00,61.00,false
e2417ff6-8b29-4a05-bc7b-f69669a92ad2,2025-01-26,2025,1,AA,N113AN,177,JFK,SFO,,,,,,5.00,-39.00,false
c961c5a3-e456-4296-b8dc-9fdf17d8a6d3,2025-01-27,2025,1,AA,N103NN,177,JFK,SFO,,,,,,-3.00,-43.00,false
2a793969-8a6e-4076-9019-b9b580d3d5f2,2025-01-28,2025,1,AA,N116AN,177,JFK,SFO,,,,,,-13.00,-43.00,false
d07e1a45-983e-4728-9552-6244e533c6a0,2025-01-29,2025,1,AA,N108NN,177,JFK,SFO,,,,,,-10.00,-54.00,false
900e5d22-79eb-4120-9ade-0d828779fd5a,2025-01-30,2025,1,AA,N113AN,177,JFK,SFO,,,,,,-5.00,-6.00,false
26504c62-97a0-433b-81ac-6b98ed39c929,2025-01-31,2025,1,AA,N116AN,177,JFK,SFO,,,,,,-4.00,9.00,false
e726cae8-0025-46ff-88be-c3d906f515d2,2025-01-01,2025,1,AA,N111ZM,179,JFK,SFO,,,,,,0.00,-7.00,false
a1a45613-9e99-4f59-a34f-feb064c3657c,2025-01-02,2025,1,AA,N113AN,179,JFK,SFO,,,,,,-2.00,-22.00,false
d62da333-58b9-48d8-bcc8-dc003c661b4f,2025-01-03,2025,1,AA,N107NN,179,JFK,SFO,,,,,,-8.00,14.00,false
1da871a8-e85a-42cb-9a9f-660a65cad27e,2025-01-05,2025,1,AA,N113AN,179,JFK,SFO,,,,,,-4.00,-19.00,false
2713b60c-072e-4e96-88e2-f33b72eed792,2025-01-06,2025,1,AA,N102NN,179,JFK,SFO,,,,,,-5.00,-40.00,false
9ba46c4e-9621-4f57-b455-ea393e5c4267,2025-01-07,2025,1,AA,N104NN,179,JFK,SFO,,,,,,-1.00,-53.00,false
4bb8fa11-e493-4c63-ba31-865f650bc6f2,2025-01-08,2025,1,AA,N116AN,179,JFK,SFO,,,,,,-9.00,-79.00,false
18bf2c15-9ebb-482a-a5ac-08c27b52f2b6,2025-01-09,2025,1,AA,N110AN,179,JFK,SFO,,,,,,-5.00,-55.00,false
ea567645-2de5-4737-93fe-666258b7e81b,2025-01-12,2025,1,AA,N107NN,179,JFK,SFO,,,,,,-8.00,-32.00,false
4a6724bb-971c-48ea-aeb2-18a00c8d4760,2025-01-13,2025,1,AA,N117AN,179,JFK,SFO,,,,,,-6.00,-54.00,false
8a1c0181-58c8-407f-bd09-fa54f428086b,2025-01-14,2025,1,AA,N106NN,179,JFK,SFO,,,,,,-4.00,-52.00,false
052b7a76-c882-40a9-98d2-19f70b0228a0,2025-01-15,2025,1,AA,N107NN,179,JFK,SFO,,,,,,-4.00,-72.00,false
d3b67b4e-0896-4c46-b51b-8e2b912ff75a,2025-01-16,2025,1,AA,N101NN,179,JFK,SFO,,,,,,0.00,-68.00,false
5d87fc61-043a-421f-b286-67a24ffa1d3a,2025-01-17,2025,1,AA,N105NN,179,JFK,SFO,,,,,,4.00,-36.00,false
71619831-c87b-48fa-90cd-eda4a8e000eb,2025-01-19,2025,1,AA,N104NN,179,JFK,SFO,,,,,,-9.00,-37.00,false
3eef7009-8f4d-459b-8e6b-765c4a28a08a,2025-01-20,2025,1,AA,N116AN,179,JFK,SFO,56.00,0.00,0.00,0.00,0.00,76.00,56.00,false
20a7917e-d1a6-4393-a9e3-6c8fd6e1d70f,2025-01-21,2025,1,AA,N107NN,179,JFK,SFO,,,,,,-8.00,-44.00,false
d35e39d7-3d6c-4c07-bf61-0b6bd688d1b7,2025-01-22,2025,1,AA,N101NN,179,JFK,SFO,,,,,,-6.00,-57.00,false
e9614c6d-293e-425e-a951-bb884de6631b,2025-01-23,2025,1,AA,N106NN,179,JFK,SFO,,,,,,-5.00,-76.00,false
37fd871f-7f86-4882-b8b4-0feb5533a1bb,2025-01-24,2025,1,AA,N116AN,179,JFK,SFO,,,,,,-4.00,-36.00,false
c3a96274-4d03-45fb-b0e3-4dfaeebbed14,2025-01-26,2025,1,AA,N108NN,179,JFK,SFO,,,,,,-2.00,-36.00,false
b64ce406-af28-40d7-9c8c-eee3b722a562,2025-01-27,2025,1,AA,N116AN,179,JFK,SFO,,,,,,0.00,-59.00,false
43e63dd1-e0a1-4451-bd2e-73a03ddbbb54,2025-01-28,2025,1,AA,N113AN,179,JFK,SFO,,,,,,-7.00,-65.00,false
49abd0af-9cb8-4829-bcee-38723864d517,2025-01-29,2025,1,AA,N103NN,179,JFK,SFO,,,,,,-6.00,-50.00,false
3a7ff3a9-8a91-495b-b47f-205c3f440b2f,2025-01-30,2025,1,AA,N104NN,179,JFK,SFO,,,,,,24.00,-2.00,false
988fab06-3d7d-4162-8065-ec748e7d7e58,2025-01-31,2025,1,AA,N117AN,179,JFK,SFO,,,,,,-5.00,-46.00,false
52aaaf67-de07-4290-814f-7118fe6aa9ea,2025-01-01,2025,1,AA,N890NN,181,MCO,ORD,,,,,,-9.00,-39.00,false
b673669b-df05-43fd-8a8c-9829e2e30940,2025-01-01,2025,1,AA,N103NN,185,JFK,LAX,,,,,,-8.00,-2.00,false
e3f66aa4-3181-49c7-bc3e-c947d4600a1c,2025-01-02,2025,1,AA,N110AN,185,JFK,LAX,,,,,,-8.00,-26.00,false
e23adb44-4a5f-4644-a3f8-879c19edabcc,2025-01-03,2025,1,AA,N106NN,185,JFK,LAX,,,,,,5.00,6.00,false
ebbf3ba2-7d2d-46a7-a148-71ab328e4d6b,2025-01-04,2025,1,AA,N117AN,185,JFK,LAX,,,,,,-6.00,1.00,false
1194c94a-af6b-46d0-a8cc-3da7f9cf1661,2025-01-05,2025,1,AA,N103NN,185,JFK,LAX,,,,,,18.00,10.00,false
d4d9a860-3af4-4023-90b3-30120e1a2fa5,2025-01-06,2025,1,AA,N110AN,185,JFK,LAX,,,,,,-3.00,-30.00,false
6fc499a4-7650-4bc5-9d86-7ba550580e43,2025-01-02,2025,1,AA,N954AN,202,ORD,DFW,,,,,,13.00,-17.00,false
7e12a7b2-d976-4019-b979-e1b0a515029e,2025-01-03,2025,1,AA,N136AN,202,ORD,DFW,,,,,,1.00,-27.00,false
28bfe616-8697-4213-847b-8b211ab2b293,2025-01-04,2025,1,AA,N583UW,202,ORD,DFW,,,,,,98.00,,false
524d800b-9d49-4b5e-91c5-971abe4443a9,2025-01-05,2025,1,AA,N553UW,202,ORD,DFW,,,,,,199.00,,true
4fc0d83f-c2b4-422a-a4d6-c2788e09e730,2025-01-06,2025,1,AA,N119NN,202,ORD,DFW,,,,,,26.00,-10.00,false
1625a3e4-f514-4417-8516-f65674684ea8,2025-01-01,2025,1,AA,N961NN,209,BZN,ORD,,,,,,24.00,4.00,false
b9ce048d-df51-4337-a718-2cdb596f48d2,2025-01-01,2025,1,AA,N910AN,210,FLL,ORD,,,,,,-9.00,-34.00,false
14183563-14ed-40fe-b52a-cdb1777f51ea,2025-01-01,2025,1,AA,N910AN,210,ORD,FLL,,,,,,-3.00,-21.00,false
825fd459-da72-4a91-b2c5-7e1c9dd2d5fc,2025-01-05,2025,1,AA,N756US,211,LGA,DCA,,,,,,-6.00,3.00,false
ae4c31a3-588e-49cd-a32c-b980aadc40b0,2025-01-06,2025,1,AA,N774XF,211,LGA,DCA,,,,,,,,true
1273a790-2219-4ffa-814b-ef0319e4f8c0,2025-01-01,2025,1,AA,N954AN,212,LAS,ORD,,,,,,1.00,-19.00,false
baec0e8b-09f6-4e7b-8214-02267ca205a7,2025-01-01,2025,1,AA,N338PK,213,ORD,FLL,,,,,,0.00,-18.00,false
afb8e972-2b8d-46b6-9cc6-7f7f8432ee58,2025-01-01,2025,1,AA,N990NN,214,ORD,DFW,,,,,,-4.00,-10.00,false
093f4e05-d65c-4268-be89-3f0b952bedc1,2025-01-01,2025,1,AA,N410AN,216,SEA,PHL,,,,,,9.00,-24.00,false
c5e42c09-9b3b-47cf-9eb5-9a80ab20e950,2025-01-02,2025,1,AA,N410AN,216,SEA,PHL,,,,,,29.00,-13.00,false
42939cee-d709-4bff-952d-0adfeb674660,2025-01-03,2025,1,AA,N429AN,216,SEA,PHL,,,,,,33.00,10.00,false
d6a1f1c4-2ad7-45e6-934a-85a672970206,2025-01-04,2025,1,AA,N400AN,216,SEA,PHL,,,,,,10.00,-12.00,false
16b0286e-2989-410d-8857-3a0acaf3f3cb,2025-01-05,2025,1,AA,N440AN,216,SEA,PHL,30.00,0.00,0.00,0.00,48.00,87.00,78.00,false
76e15b70-d9e1-461e-b7a7-77e403b1861c,2025-01-06,2025,1,AA,N125AA,216,SEA,PHL,,,,,,-10.00,-5.00,false
1a322309-8a17-40a5-9129-be7c7dd2bd16,2025-01-12,2025,1,AA,N108NN,217,SFO,JFK,,,,,,-5.00,-30.00,false
d7f5e974-b14e-4108-86ce-2319f1bfb29a,2025-01-16,2025,1,AA,N110AN,217,SFO,JFK,21.00,0.00,0.00,0.00,133.00,175.00,154.00,false
f155943f-be16-4f36-aa82-e372f9d34bb6,2025-01-06,2025,1,AA,N971NN,219,ORD,LGA,,,,,,-5.00,4.00,false
c902a770-5af4-46f0-aa60-cf4c4e7b8e7a,2025-01-01,2025,1,AA,N337PJ,223,FLL,ORD,,,,,,-6.00,-24.00,false
2ff6798d-81ab-42e7-9076-6d8dab8d5762,2025-01-01,2025,1,AA,N680AW,224,PHX,LAS,,,,,,-5.00,-14.00,false
44417274-546d-4f26-9ee9-641ad0dd4ddc,2025-01-04,2025,1,AA,N659AW,224,PHX,LAS,0.00,0.00,0.00,0.00,26.00,32.00,26.00,false
573fe0f1-97ae-47d9-b5aa-0f7fb78c0cd7,2025-01-01,2025,1,AA,N107NN,234,SFO,JFK,,,,,,-11.00,-40.00,false
e5be07c1-2beb-42b3-ae4b-9fd8edb6e51c,2025-01-02,2025,1,AA,N111ZM,234,SFO,JFK,,,,,,-5.00,-23.00,false
9c565696-ddd1-46b0-b556-6608e5a78f6c,2025-01-03,2025,1,AA,N113AN,234,SFO,JFK,,,,,,-9.00,-39.00,false
82363ccf-7a40-486d-850c-74d1166b330a,2025-01-04,2025,1,AA,N107NN,234,SFO,JFK,22.00,0.00,0.00,0.00,0.00,56.00,22.00,false
8cad61cc-b54e-44a0-b6bb-d5957141424a,2025-01-05,2025,1,AA,N102NN,234,SFO,JFK,,,,,,-3.00,-24.00,false
09a3d742-7df8-47f8-bc27-5e2da01c1eff,2025-01-06,2025,1,AA,N104NN,234,SFO,JFK,4.00,0.00,36.00,0.00,0.00,4.00,40.00,false
ebb4dad2-9a5d-40a4-9c3d-8d3211a9f77d,2025-01-07,2025,1,AA,N105NN,234,SFO,JFK,,,,,,-9.00,-17.00,false
7d885fbd-0f8a-4ede-9c02-12dc72c42205,2025-01-08,2025,1,AA,N107NN,234,SFO,JFK,0.00,0.00,19.00,0.00,0.00,-9.00,19.00,false
39637a12-8869-4c35-b10f-a4189ca97290,2025-01-09,2025,1,AA,N101NN,234,SFO,JFK,,,,,,-11.00,3.00,false
7e991750-b63e-4a93-a47e-d6b71d9dc04d,2025-01-10,2025,1,AA,N116AN,234,SFO,JFK,,,,,,-4.00,-15.00,false
76288d3e-9473-4ab2-99c0-8a1a49c7ac26,2025-01-11,2025,1,AA,N104NN,234,SFO,JFK,,,,,,-10.00,-31.00,false
2b05922d-7ab5-4731-b9a0-6e524c02eaf5,2025-01-12,2025,1,AA,N102NN,234,SFO,JFK,,,,,,-6.00,-39.00,false
97325c4f-e151-4739-aa30-5bbcda5a9242,2025-01-13,2025,1,AA,N109NN,234,SFO,JFK,,,,,,-8.00,-6.00,false
79640339-d496-41be-8f42-12e4a40ce043,2025-01-14,2025,1,AA,N110AN,234,SFO,JFK,,,,,,-8.00,-18.00,false
feff8c05-f599-4edf-b01b-66ceeaf3ce41,2025-01-15,2025,1,AA,N117AN,234,SFO,JFK,,,,,,-7.00,5.00,false
6447510a-3ea2-4aaf-a4d9-31f924f4315f,2025-01-16,2025,1,AA,N112AN,234,SFO,JFK,,,,,,-7.00,-13.00,false
05d3f7e5-3eec-4a0c-bbef-e2117263aebe,2025-01-17,2025,1,AA,N103NN,234,SFO,JFK,,,,,,-6.00,-12.00,false
bc7cf480-ef6e-4776-9f4c-3e6cadb1e482,2025-01-18,2025,1,AA,N101NN,234,SFO,JFK,,,,,,-5.00,-13.00,false
b0838100-ffdd-4540-9dd6-d48b5a49701b,2025-01-19,2025,1,AA,N108NN,234,SFO,JFK,,,,,,-8.00,-30.00,false
3baea2ac-532c-49f2-becc-e62f5add87df,2025-01-20,2025,1,AA,N117AN,234,SFO,JFK,,,,,,-6.00,-33.00,false
5f433b15-22d6-412c-9740-4a3635983ee4,2025-01-21,2025,1,AA,N103NN,234,SFO,JFK,,,,,,-6.00,-14.00,false
8f98e0a4-50b5-4091-a68d-5c02bd7ee9a0,2025-01-22,2025,1,AA,N112AN,234,SFO,JFK,,,,,,-8.00,-25.00,false
156bff8e-f402-4806-b02f-bad94f93b77d,2025-01-23,2025,1,AA,N116AN,234,SFO,JFK,,,,,,-14.00,-20.00,false
34271d94-e96b-413f-a3d7-25f3fabde83e,2025-01-24,2025,1,AA,N101NN,234,SFO,JFK,,,,,,-7.00,-38.00,false
91943549-a53e-49f7-b7a7-cd56a56c575c,2025-01-25,2025,1,AA,N105NN,234,SFO,JFK,,,,,,-9.00,-54.00,false
1c7c96cc-0936-4d79-ad14-6ed45916954f,2025-01-26,2025,1,AA,N112AN,234,SFO,JFK,,,,,,-6.00,-24.00,false
54b890f9-938a-46ae-8f1c-3212fe8d4513,2025-01-27,2025,1,AA,N113AN,234,SFO,JFK,,,,,,-8.00,-30.00,false
b97e2e83-b1c2-4691-81e7-fbcfd20be134,2025-01-28,2025,1,AA,N103NN,234,SFO,JFK,,,,,,-7.00,-18.00,false
8886ad18-e32a-4f1f-9f6a-a42c5b3ab987,2025-01-29,2025,1,AA,N116AN,234,SFO,JFK,,,,,,-9.00,-17.00,false
95c4f83e-9a44-4088-a5c9-e962ccc80d66,2025-01-30,2025,1,AA,N108NN,234,SFO,JFK,,,,,,-5.00,-20.00,false
71062d10-1420-461b-acda-15f5744c5471,2025-01-31,2025,1,AA,N113AN,234,SFO,JFK,,,,,,-8.00,-18.00,false
d04bf372-f177-46c1-9c03-f7330e32e57b,2025-01-01,2025,1,AA,N112AN,238,LAX,JFK,,,,,,-5.00,-40.00,false
551de6f9-0fec-4d57-9769-94cdb03d5a00,2025-01-02,2025,1,AA,N112AN,238,LAX,JFK,,,,,,-4.00,-27.00,false
5d9005c8-d79f-4ee4-9188-f5c1f5a63922,2025-01-03,2025,1,AA,N111ZM,238,LAX,JFK,,,,,,-4.00,12.00,false
4e14b293-bfe9-4bbf-b2e9-5aa1a915bd9f,2025-01-04,2025,1,AA,N109NN,238,LAX,JFK,20.00,0.00,0.00,0.00,98.00,148.00,118.00,false
cf7660c5-d1c9-4621-9ce2-47dfc0195661,2025-01-05,2025,1,AA,N112AN,238,LAX,JFK,,,,,,-4.00,-27.00,false
2bf78c2d-eb60-4b94-8e40-6aa7d8ab501d,2025-01-06,2025,1,AA,N111ZM,238,LAX,JFK,,,,,,-6.00,-18.00,false
de90f01b-069a-4a94-ac0c-4911fbb8af8a,2025-01-07,2025,1,AA,N102NN,238,LAX,JFK,,,,,,-3.00,-14.00,false
633de2a6-2798-4197-a1c9-c68c05c21b2d,2025-01-08,2025,1,AA,N106NN,238,LAX,JFK,,,,,,5.00,1.00,false
89dd63df-85f9-4cfb-89c9-6a4f1d645aa3,2025-01-09,2025,1,AA,N112AN,238,LAX,JFK,0.00,0.00,17.00,0.00,0.00,-3.00,17.00,false
921e624b-aa3a-4fc8-8b39-9516d3121c29,2025-01-10,2025,1,AA,N107NN,238,LAX,JFK,,,,,,12.00,11.00,false
2683e2f8-4098-4ce5-8a9d-f9b1ae82145a,2025-01-11,2025,1,AA,N117AN,238,LAX,JFK,,,,,,-5.00,-34.00,false
2ab8232e-ee16-4694-8c1b-e56490fd0737,2025-01-12,2025,1,AA,N106NN,238,LAX,JFK,,,,,,-4.00,-30.00,false
bb9d3380-44e5-4f8b-b1c7-a575440074ea,2025-01-13,2025,1,AA,N107NN,238,LAX,JFK,,,,,,-5.00,-44.00,false
7a7c9b47-298b-4cfe-8382-138ceddb04e3,2025-01-14,2025,1,AA,N108NN,238,LAX,JFK,,,,,,-2.00,-12.00,false
509aec7b-e30c-4658-a972-20434e8144b6,2025-01-15,2025,1,AA,N109NN,238,LAX,JFK,,,,,,-7.00,6.00,false
cb5b06a3-e8ea-428d-9342-5f855b6186cf,2025-01-16,2025,1,AA,N116AN,238,LAX,JFK,,,,,,-4.00,7.00,false
c34793f2-b178-48ae-a7de-762a099dfc3c,2025-01-17,2025,1,AA,N108NN,238,LAX,JFK,15.00,0.00,0.00,0.00,96.00,112.00,111.00,false
014b9f71-5ec2-4462-b4d3-969e82933406,2025-01-18,2025,1,AA,N108NN,238,LAX,JFK,13.00,0.00,0.00,0.00,42.00,61.00,55.00,false
30d541fc-925b-4e6e-9778-f8600a896209,2025-01-19,2025,1,AA,N103NN,238,LAX,JFK,,,,,,53.00,,false
102189ce-a57d-4699-8f2b-e805829ba0b1,2025-01-20,2025,1,AA,N104NN,238,LAX,JFK,,,,,,-5.00,-52.00,false
800c8606-61bd-4d38-92a4-9ec15aa23783,2025-01-21,2025,1,AA,N109NN,238,LAX,JFK,,,,,,-7.00,-21.00,false
ffa53f75-f280-4d61-bb4f-07e265c1e824,2025-01-22,2025,1,AA,N111ZM,238,LAX,JFK,,,,,,24.00,14.00,false
bf182035-ccbf-43a5-a6d0-ffd049916698,2025-01-23,2025,1,AA,N102NN,238,LAX,JFK,,,,,,-3.00,-2.00,false
851ce9f8-0e4b-400f-8bf0-e3f5440c1e7b,2025-01-24,2025,1,AA,N104NN,238,LAX,JFK,,,,,,-6.00,-28.00,false
c404b2c2-b8b2-41c3-ad1f-39a442264329,2025-01-25,2025,1,AA,N106NN,238,LAX,JFK,,,,,,35.00,12.00,false
25fcf1ab-acf1-4ae3-a4ca-26c36bd56d29,2025-01-26,2025,1,AA,N101NN,238,LAX,JFK,,,,,,-3.00,-26.00,false
32eaaed2-ec34-4873-a0cd-be22f806ba53,2025-01-27,2025,1,AA,N109NN,238,LAX,JFK,,,,,,-9.00,-29.00,false
0056489c-dd82-4de4-835c-dc7199b07e26,2025-01-28,2025,1,AA,N111ZM,238,LAX,JFK,,,,,,-9.00,-11.00,false
9f71951f-c061-46cb-a829-3c4664f661c0,2025-01-29,2025,1,AA,N108NN,238,LAX,JFK,8.00,0.00,0.00,0.00,11.00,32.00,19.00,false
75274c05-d2ab-4ec1-8571-e8ae3c34b12b,2025-01-30,2025,1,AA,N103NN,238,LAX,JFK,,,,,,-8.00,-26.00,false
ec9fe002-a4f2-46bb-b24d-1e255a25fb9c,2025-01-31,2025,1,AA,N111ZM,238,LAX,JFK,,,,,,-5.00,2.00,false
d19940be-d012-419e-865d-393d7d3aa2e9,2025-01-12,2025,1,AA,N102NN,244,JFK,SFO,,,,,,9.00,-10.00,false
d1819bab-e9be-44b8-9c93-e7db9a9ab2e1,2025-01-15,2025,1,AA,N106NN,244,JFK,SFO,,,,,,-3.00,-53.00,false
b1295ebe-fb31-4233-b5b4-a15ab7cd9730,2025-01-16,2025,1,AA,N111ZM,244,JFK,SFO,,,,,,-10.00,-54.00,false
4199c41a-f5f9-418b-9cab-0d039b890bc5,2025-01-12,2025,1,AA,N102NN,245,SFO,JFK,,,,,,-10.00,-44.00,false
4138d231-3011-4c47-abe4-bcaa2ce469db,2025-01-15,2025,1,AA,N106NN,245,SFO,JFK,,,,,,-3.00,-9.00,false
3e0466a3-270a-42f6-a0fb-69049d953a6b,2025-01-16,2025,1,AA,N111ZM,245,SFO,JFK,,,,,,-6.00,-33.00,false
368ac92e-7260-4072-8196-36444ea59702,2025-01-01,2025,1,AA,N426AN,254,OGG,LAX,,,,,,-7.00,-9.00,false
dd63842b-8d9a-41fb-952d-2e26bc82b1f9,2025-01-02,2025,1,AA,N459AN,254,OGG,LAX,,,,,,-4.00,-4.00,false
48cfbefe-2a3c-42fe-997a-09fe8698b93c,2025-01-03,2025,1,AA,N406AN,254,OGG,LAX,,,,,,-8.00,-8.00,false
8a995384-db95-4c28-a2d2-0253485f9c5a,2025-01-04,2025,1,AA,N440AN,254,OGG,LAX,,,,,,-12.00,-23.00,false
07a83b56-a909-4b92-8909-ab7d702fadc4,2025-01-05,2025,1,AA,N467AL,254,OGG,LAX,,,,,,-8.00,-10.00,false
402ef99e-43f4-4359-bda5-08ef6043a5da,2025-01-06,2025,1,AA,N456AN,254,OGG,LAX,,,,,,-6.00,-9.00,false
d61cf6bd-d379-4877-83b4-ff135abb614c,2025-01-07,2025,1,AA,N418AN,254,OGG,LAX,44.00,0.00,8.00,0.00,0.00,44.00,52.00,false
4f016e8f-9464-4df4-8d95-9a2cea180db1,2025-01-08,2025,1,AA,N460AN,254,OGG,LAX,,,,,,-3.00,2.00,false
9489c29e-2dc6-4d74-9583-332376b36b71,2025-01-09,2025,1,AA,N468AN,254,OGG,LAX,37.00,0.00,0.00,0.00,0.00,39.00,37.00,false
7f3e3474-9d8f-4926-b97f-25ef01f1fd78,2025-01-10,2025,1,AA,N471AN,254,OGG,LAX,,,,,,-4.00,-15.00,false
dd227de2-f92a-4fd8-8d61-c26a70a0fce1,2025-01-11,2025,1,AA,N422AN,254,OGG,LAX,,,,,,-4.00,-15.00,false
6b11daf4-3233-4492-8818-f8371d6b390b,2025-01-12,2025,1,AA,N400AN,254,OGG,LAX,,,,,,-5.00,-6.00,false
a0b7b267-ea29-4936-848a-5ea54e30c4ab,2025-01-13,2025,1,AA,N420AN,254,OGG,LAX,1130.00,0.00,26.00,0.00,181.00,1311.00,1337.00,false
b9b3c95f-6e29-4809-afd9-a76cc011fee3,2025-01-14,2025,1,AA,N459AN,254,OGG,LAX,0.00,0.00,38.00,0.00,0.00,-9.00,38.00,false
327136e5-4d60-465f-9f06-f9bfeafb9057,2025-01-15,2025,1,AA,N450AN,254,OGG,LAX,,,,,,-3.00,0.00,false
3f8cd64d-6032-4cfe-a56a-6b55276a4589,2025-01-16,2025,1,AA,N457AM,254,OGG,LAX,,,,,,-8.00,-20.00,false
c929569c-055f-4bff-84d9-99b85b05a3ba,2025-01-17,2025,1,AA,N423AN,254,OGG,LAX,,,,,,0.00,-2.00,false
ed3d60f7-9c03-4c01-af5e-e84b40b7e118,2025-01-18,2025,1,AA,N449AN,254,OGG,LAX,,,,,,-5.00,-11.00,false
770c1094-c1ab-4036-9af1-3933dbd9d4d0,2025-01-19,2025,1,AA,N408AN,254,OGG,LAX,,,,,,-7.00,-13.00,false
6963cded-031b-4d63-80e2-439356733f15,2025-01-20,2025,1,AA,N434AN,254,OGG,LAX,,,,,,-7.00,-12.00,false
9618dca4-15c9-44fc-a2ab-9246b849f55f,2025-01-21,2025,1,AA,N466AN,254,OGG,LAX,,,,,,-7.00,-15.00,false
75328738-d46d-4881-9d63-c7b66c2180ef,2025-01-22,2025,1,AA,N466AN,254,OGG,LAX,,,,,,-8.00,-23.00,false
7b4285ba-1037-4894-a2e0-02c404983ebc,2025-01-23,2025,1,AA,N424AN,254,OGG,LAX,,,,,,-6.00,-18.00,false
98bb193d-c863-4950-9e19-97304425e61c,2025-01-24,2025,1,AA,N424AN,254,OGG,LAX,,,,,,-9.00,-25.00,false
58e173eb-d2af-489e-8093-3baa966437db,2025-01-25,2025,1,AA,N447AN,254,OGG,LAX,,,,,,-5.00,-22.00,false
305616ae-17df-430f-9b32-301d6a501908,2025-01-26,2025,1,AA,N403AN,254,OGG,LAX,,,,,,-9.00,-12.00,false
1bb976fe-323b-4aaa-b656-3934d1670b05,2025-01-27,2025,1,AA,N403AN,254,OGG,LAX,,,,,,-10.00,-11.00,false
134c8ed0-110f-4d90-9656-e37c6962ffbc,2025-01-28,2025,1,AA,N433AN,254,OGG,LAX,,,,,,-9.00,-18.00,false
1ef0679c-b079-4290-b1de-31269a782e62,2025-01-29,2025,1,AA,N453AA,254,OGG,LAX,,,,,,-13.00,-30.00,false
40e058bb-a859-4d04-8737-430e9c1fbb81,2025-01-30,2025,1,AA,N435AN,254,OGG,LAX,,,,,,-3.00,-8.00,false
5153e290-9246-4ffb-adbe-d479c7c430d5,2025-01-31,2025,1,AA,N451AN,254,OGG,LAX,18.00,0.00,0.00,0.00,0.00,28.00,18.00,false
b14c93b8-91fb-432a-8407-aaa7eb0a3bb9,2025-01-07,2025,1,AA,N106NN,255,JFK,LAX,,,,,,-5.00,-36.00,false
c187d166-f619-4eff-9840-ecc24c467104,2025-01-08,2025,1,AA,N113AN,255,JFK,LAX,,,,,,-6.00,-60.00,false
6c801d5d-15dd-41c7-a113-6a025e37144f,2025-01-09,2025,1,AA,N117AN,255,JFK,LAX,,,,,,-5.00,-38.00,false
b15e55f4-9096-4a83-8070-5f2b9dfd0d48,2025-01-10,2025,1,AA,N102NN,255,JFK,LAX,,,,,,-6.00,-51.00,false
425b0837-f0c1-4d4d-ad94-3015bfc35670,2025-01-11,2025,1,AA,N109NN,255,JFK,LAX,0.00,12.00,22.00,0.00,0.00,12.00,34.00,false
a4e6d353-1334-4e7b-a3fc-1c627617c567,2025-01-12,2025,1,AA,N111ZM,255,JFK,LAX,,,,,,-4.00,-26.00,false
62398e10-a21e-4fc7-92d1-233b6b08276a,2025-01-14,2025,1,AA,N102NN,255,JFK,LAX,,,,,,-7.00,-47.00,false
f48adde1-6848-40ed-8f4d-8b83988dd629,2025-01-15,2025,1,AA,N102NN,255,JFK,LAX,,,,,,-4.00,-52.00,false
e4f4f78d-6cc2-4aa3-860b-dbbc7d6824c1,2025-01-16,2025,1,AA,N106NN,255,JFK,LAX,,,,,,-2.00,-43.00,false
529c703b-3084-4d7b-97a5-85b4dc0e05cc,2025-01-17,2025,1,AA,N111ZM,255,JFK,LAX,,,,,,-2.00,-28.00,false
bf8d28e5-37a5-4d8e-98e9-b75cd08d1ab4,2025-01-18,2025,1,AA,N107NN,255,JFK,LAX,,,,,,-2.00,-13.00,false
97217978-3d7b-4764-a5d9-88d8e4c22264,2025-01-19,2025,1,AA,N117AN,255,JFK,LAX,,,,,,-6.00,-26.00,false
d630901a-8606-421f-9367-2f91fc4dd063,2025-01-20,2025,1,AA,N111ZM,255,JFK,LAX,,,,,,17.00,-4.00,false
5801509c-a536-4781-ae34-e79710d84f56,2025-01-21,2025,1,AA,N106NN,255,JFK,LAX,,,,,,-2.00,-25.00,false
645b51c8-2706-4d2e-adc1-4344467ea707,2025-01-22,2025,1,AA,N117AN,255,JFK,LAX,,,,,,-5.00,-29.00,false
f633be28-0e61-4691-bd62-84c88d4049cc,2025-01-23,2025,1,AA,N108NN,255,JFK,LAX,,,,,,-8.00,-44.00,false
3a5be33d-d442-4b7b-9156-b952535b88c0,2025-01-24,2025,1,AA,N117AN,255,JFK,LAX,,,,,,-1.00,-3.00,false
4627c392-17fc-4834-b84e-f48b763ef143,2025-01-25,2025,1,AA,N112AN,255,JFK,LAX,0.00,0.00,25.00,0.00,0.00,-4.00,25.00,false
4942fbea-5d41-48c9-a32c-6e2abe709de4,2025-01-26,2025,1,AA,N105NN,255,JFK,LAX,12.00,0.00,0.00,0.00,844.00,860.00,856.00,false
e428b9ec-dca1-4e5a-aa27-d0b19e93b4a7,2025-01-27,2025,1,AA,N112AN,255,JFK,LAX,,,,,,-5.00,-35.00,false
46468f28-9b30-4431-98fc-8d6358f7eb34,2025-01-28,2025,1,AA,N108NN,255,JFK,LAX,,,,,,-6.00,-35.00,false
abf96809-e912-41cd-88d9-55965bed734c,2025-01-29,2025,1,AA,N110AN,255,JFK,LAX,,,,,,-8.00,-25.00,false
261f930c-0cc5-49de-8b8d-1c30aa32245c,2025-01-30,2025,1,AA,N106NN,255,JFK,LAX,,,,,,-5.00,-21.00,false
619dd557-baaf-4460-9a7a-d24408e16907,2025-01-31,2025,1,AA,N102NN,255,JFK,LAX,,,,,,15.00,-27.00,false
6a74b2aa-f7e7-48d9-95c0-986231232996,2025-01-06,2025,1,AA,N663AW,256,BOS,PHL,,,,,,-5.00,2.00,false
5d202cad-8eac-468e-839d-7d6758823313,2025-01-01,2025,1,AA,N426AN,271,LAX,OGG,,,,,,4.00,9.00,false
b07b1320-0936-4ada-a791-40f05b046620,2025-01-02,2025,1,AA,N459AN,271,LAX,OGG,,,,,,10.00,-13.00,false
21c55427-702d-4718-808f-9e22e9f827ef,2025-01-03,2025,1,AA,N406AN,271,LAX,OGG,,,,,,-4.00,-25.00,false
6dbef740-9cbe-4e41-ba58-dc6171fc867d,2025-01-04,2025,1,AA,N440AN,271,LAX,OGG,,,,,,-6.00,-38.00,false
1a90b7fa-9729-47d4-b9f8-4a0b87481183,2025-01-05,2025,1,AA,N467AL,271,LAX,OGG,,,,,,1.00,-30.00,false
8bda12f0-663c-4c86-9fbe-70405f6414c0,2025-01-06,2025,1,AA,N456AN,271,LAX,OGG,,,,,,-4.00,-43.00,false
87e3ded1-061c-45c3-9f8d-df62655619bf,2025-01-07,2025,1,AA,N418AN,271,LAX,OGG,,,,,,22.00,-5.00,false
791a3ffc-bc58-4ec5-892f-1aa1da8fd529,2025-01-08,2025,1,AA,N460AN,271,LAX,OGG,,,,,,-3.00,-32.00,false
2d82280f-7889-4ad7-854d-e498aea08180,2025-01-09,2025,1,AA,N468AN,271,LAX,OGG,,,,,,-6.00,-26.00,false
66117ba6-9bc0-4935-9f72-2a28aeff4067,2025-01-10,2025,1,AA,N471AN,271,LAX,OGG,,,,,,-2.00,-26.00,false
4feb96d4-fa41-488e-8ffe-721c4ccf86d7,2025-01-11,2025,1,AA,N422AN,271,LAX,OGG,,,,,,-1.00,-26.00,false
3b297ff5-7073-4ac1-9066-1508b879c587,2025-01-12,2025,1,AA,N400AN,271,LAX,OGG,,,,,,-4.00,-18.00,false
b37e93f4-11f7-4ddd-b698-545c6de88937,2025-01-13,2025,1,AA,N420AN,271,LAX,OGG,42.00,0.00,0.00,0.00,139.00,218.00,181.00,false
4dfdedc7-d39d-4c19-9078-ff024280511c,2025-01-14,2025,1,AA,N459AN,271,LAX,OGG,,,,,,-3.00,-24.00,false
894520c8-1e74-4468-b4b5-9b2e09e391aa,2025-01-15,2025,1,AA,N450AN,271,LAX,OGG,,,,,,-10.00,-56.00,false
9ca4a657-37c7-4d3e-980e-b081410f2b84,2025-01-16,2025,1,AA,N457AM,271,LAX,OGG,,,,,,10.00,-13.00,false
9940358d-d68e-459a-bafa-73b8edf3acc1,2025-01-17,2025,1,AA,N423AN,271,LAX,OGG,,,,,,-4.00,-21.00,false
003235e6-2f87-4507-96a3-f46d217c9096,2025-01-18,2025,1,AA,N449AN,271,LAX,OGG,,,,,,-5.00,-27.00,false
2f3f53c2-06d7-437f-a0f7-264b4b97c20a,2025-01-19,2025,1,AA,N408AN,271,LAX,OGG,,,,,,-3.00,-40.00,false
e382aeb8-2d1b-4a62-ae17-21b3a4cf5572,2025-01-20,2025,1,AA,N434AN,271,LAX,OGG,,,,,,-8.00,-39.00,false
8e307540-25ab-4593-bf7b-9068a42715c6,2025-01-21,2025,1,AA,N466AN,271,LAX,OGG,,,,,,-12.00,-43.00,false
b4c96333-8d63-4fd8-8a4e-2cd0ec787bc7,2025-01-22,2025,1,AA,N466AN,271,LAX,OGG,,,,,,-6.00,-19.00,false
601e1765-1489-4204-85eb-9b4c7e6fddaf,2025-01-23,2025,1,AA,N424AN,271,LAX,OGG,,,,,,-10.00,-24.00,false
0ebd945e-f187-488e-a154-d4285d56915b,2025-01-24,2025,1,AA,N424AN,271,LAX,OGG,,,,,,-8.00,-26.00,false
79fe6a01-3a3d-4360-9810-1e21a4fe475a,2025-01-25,2025,1,AA,N447AN,271,LAX,OGG,,,,,,-5.00,-17.00,false
e8aedbe7-e969-431b-ac58-c6e4b0617051,2025-01-26,2025,1,AA,N403AN,271,LAX,OGG,,,,,,-4.00,-10.00,false
ee213cb4-60b6-4370-a0d4-25d4bbf3a0cb,2025-01-27,2025,1,AA,N403AN,271,LAX,OGG,,,,,,-5.00,-22.00,false
02069769-130a-4e06-a330-c530f09474a2,2025-01-28,2025,1,AA,N433AN,271,LAX,OGG,,,,,,-10.00,-19.00,false
542bf5ea-a40a-4f61-a555-6330e1402bb2,2025-01-29,2025,1,AA,N453AA,271,LAX,OGG,,,,,,26.00,14.00,false
7fd582e2-9bc3-41d9-8bd5-50b2356fe7b2,2025-01-30,2025,1,AA,N435AN,271,LAX,OGG,,,,,,-6.00,-12.00,false
54c2f69f-9467-44af-9274-ee64485044df,2025-01-31,2025,1,AA,N451AN,271,LAX,OGG,,,,,,-1.00,-25.00,false
f8d3b659-0cf9-4773-9594-0cee200517a1,2025-01-06,2025,1,AA,N537UW,272,PHX,TPA,,,,,,-4.00,-13.00,false
f23874c6-02f6-4c6d-a07c-6cdaf1a9af78,2025-01-06,2025,1,AA,N934AN,273,AUS,LAX,,,,,,-16.00,-25.00,false
ddb03fbb-9eff-4b08-be54-04ce28874391,2025-01-06,2025,1,AA,N106NN,274,LAS,JFK,,,,,,7.00,-11.00,false
c77dc198-bfee-4622-b540-327be835bc85,2025-01-01,2025,1,AA,N110AN,274,LAX,JFK,,,,,,-5.00,-34.00,false
1b9df58e-544a-409e-afd0-c2b4d611b335,2025-01-02,2025,1,AA,N108NN,274,LAX,JFK,,,,,,-8.00,-19.00,false
ed8050c9-ace0-4e70-9861-d09fcae8bf72,2025-01-03,2025,1,AA,N103NN,274,LAX,JFK,,,,,,-7.00,-22.00,false
4da182af-74fc-47b0-8331-310b0de934bc,2025-01-04,2025,1,AA,N112AN,274,LAX,JFK,,,,,,-7.00,-33.00,false
